Time (s),Value (V)
0.000000,-0.000143
0.001000,-0.000141
0.002000,-0.000144
0.003000,-0.000142
0.004000,-0.000148
0.005000,-0.000143
0.006000,-0.000146
0.007000,-0.000150
0.008000,-0.000136
0.009000,-0.000139
0.010000,-0.000137
0.011000,-0.000140
0.012000,-0.000142
0.013000,-0.000144
0.014000,-0.000136
0.015000,-0.000133
0.016000,-0.000143
0.017000,-0.000140
0.018000,-0.000140
0.019000,-0.000137
0.020000,-0.000135
0.021000,-0.000134
0.022000,-0.000135
0.023000,-0.000147
0.024000,-0.000143
0.025000,-0.000152
0.026000,-0.000143
0.027000,-0.000160
0.028000,-0.000153
0.029000,-0.000162
0.030000,-0.000156
0.031000,-0.000161
0.032000,-0.000154
0.033000,-0.000158
0.034000,-0.000153
0.035000,-0.000158
0.036000,-0.000152
0.037000,-0.000159
0.038000,-0.000154
0.039000,-0.000163
0.040000,-0.000157
0.041000,-0.000157
0.042000,-0.000154
0.043000,-0.000160
0.044000,-0.000160
0.045000,-0.000164
0.046000,-0.000166
0.047000,-0.000163
0.048000,-0.000168
0.049000,-0.000162
0.050000,-0.000153
0.051000,-0.000153
0.052000,-0.000156
0.053000,-0.000151
0.054000,-0.000152
0.055000,-0.000155
0.056000,-0.000152
0.057000,-0.000151
0.058000,-0.000152
0.059000,-0.000147
0.060000,-0.000145
0.061000,-0.000142
0.062000,-0.000147
0.063000,-0.000152
0.064000,-0.000146
0.065000,-0.000151
0.066000,-0.000149
0.067000,-0.000144
0.068000,-0.000165
0.069000,-0.000168
0.070000,-0.000162
0.071000,-0.000161
0.072000,-0.000170
0.073000,-0.000165
0.074000,-0.000165
0.075000,-0.000170
0.076000,-0.000170
0.077000,-0.000168
0.078000,-0.000171
0.079000,-0.000162
0.080000,-0.000158
0.081000,-0.000152
0.082000,-0.000149
0.083000,-0.000145
0.084000,-0.000154
0.085000,-0.000157
0.086000,-0.000155
0.087000,-0.000153
0.088000,-0.000148
0.089000,-0.000149
0.090000,-0.000149
0.091000,-0.000144
0.092000,-0.000143
0.093000,-0.000129
0.094000,-0.000128
0.095000,-0.000134
0.096000,-0.000142
0.097000,-0.000145
0.098000,-0.000148
0.099000,-0.000147
0.100000,-0.000144
0.101000,-0.000139
0.102000,-0.000135
0.103000,-0.000135
0.104000,-0.000141
0.105000,-0.000144
0.106000,-0.000143
0.107000,-0.000145
0.108000,-0.000144
0.109000,-0.000149
0.110000,-0.000149
0.111000,-0.000147
0.112000,-0.000149
0.113000,-0.000147
0.114000,-0.000160
0.115000,-0.000157
0.116000,-0.000167
0.117000,-0.000163
0.118000,-0.000160
0.119000,-0.000160
0.120000,-0.000166
0.121000,-0.000163
0.122000,-0.000161
0.123000,-0.000136
0.124000,-0.000153
0.125000,-0.000143
0.126000,-0.000146
0.127000,-0.000143
0.128000,-0.000158
0.129000,-0.000148
0.130000,-0.000150
0.131000,-0.000147
0.132000,-0.000149
0.133000,-0.000148
0.134000,-0.000151
0.135000,-0.000150
0.136000,-0.000149
0.137000,-0.000152
0.138000,-0.000155
0.139000,-0.000154
0.140000,-0.000148
0.141000,-0.000149
0.142000,-0.000149
0.143000,-0.000152
0.144000,-0.000135
0.145000,-0.000142
0.146000,-0.000142
0.147000,-0.000154
0.148000,-0.000156
0.149000,-0.000158
0.150000,-0.000160
0.151000,-0.000163
0.152000,-0.000148
0.153000,-0.000148
0.154000,-0.000150
0.155000,-0.000147
0.156000,-0.000145
0.157000,-0.000156
0.158000,-0.000156
0.159000,-0.000152
0.160000,-0.000154
0.161000,-0.000153
0.162000,-0.000152
0.163000,-0.000153
0.164000,-0.000153
0.165000,-0.000154
0.166000,-0.000162
0.167000,-0.000163
0.168000,-0.000166
0.169000,-0.000171
0.170000,-0.000167
0.171000,-0.000167
0.172000,-0.000176
0.173000,-0.000170
0.174000,-0.000177
0.175000,-0.000168
0.176000,-0.000170
0.177000,-0.000171
0.178000,-0.000173
0.179000,-0.000166
0.180000,-0.000172
0.181000,-0.000171
0.182000,-0.000176
0.183000,-0.000170
0.184000,-0.000156
0.185000,-0.000152
0.186000,-0.000164
0.187000,-0.000161
0.188000,-0.000167
0.189000,-0.000166
0.190000,-0.000169
0.191000,-0.000163
0.192000,-0.000169
0.193000,-0.000167
0.194000,-0.000167
0.195000,-0.000157
0.196000,-0.000159
0.197000,-0.000154
0.198000,-0.000164
0.199000,-0.000154
0.200000,-0.000153
0.201000,-0.000147
0.202000,-0.000146
0.203000,-0.000138
0.204000,-0.000136
0.205000,-0.000145
0.206000,-0.000141
0.207000,-0.000156
0.208000,-0.000145
0.209000,-0.000159
0.210000,-0.000153
0.211000,-0.000152
0.212000,-0.000145
0.213000,-0.000152
0.214000,-0.000129
0.215000,-0.000139
0.216000,-0.000134
0.217000,-0.000143
0.218000,-0.000133
0.219000,-0.000135
0.220000,-0.000138
0.221000,-0.000140
0.222000,-0.000144
0.223000,-0.000142
0.224000,-0.000149
0.225000,-0.000144
0.226000,-0.000146
0.227000,-0.000140
0.228000,-0.000151
0.229000,-0.000146
0.230000,-0.000145
0.231000,-0.000147
0.232000,-0.000151
0.233000,-0.000153
0.234000,-0.000152
0.235000,-0.000156
0.236000,-0.000157
0.237000,-0.000149
0.238000,-0.000140
0.239000,-0.000141
0.240000,-0.000143
0.241000,-0.000150
0.242000,-0.000145
0.243000,-0.000149
0.244000,-0.000154
0.245000,-0.000164
0.246000,-0.000153
0.247000,-0.000148
0.248000,-0.000152
0.249000,-0.000148
0.250000,-0.000156
0.251000,-0.000161
0.252000,-0.000165
0.253000,-0.000163
0.254000,-0.000163
0.255000,-0.000150
0.256000,-0.000158
0.257000,-0.000157
0.258000,-0.000157
0.259000,-0.000156
0.260000,-0.000165
0.261000,-0.000163
0.262000,-0.000169
0.263000,-0.000166
0.264000,-0.000169
0.265000,-0.000173
0.266000,-0.000171
0.267000,-0.000163
0.268000,-0.000180
0.269000,-0.000174
0.270000,-0.000172
0.271000,-0.000170
0.272000,-0.000173
0.273000,-0.000167
0.274000,-0.000158
0.275000,-0.000153
0.276000,-0.000154
0.277000,-0.000161
0.278000,-0.000164
0.279000,-0.000162
0.280000,-0.000170
0.281000,-0.000173
0.282000,-0.000174
0.283000,-0.000169
0.284000,-0.000178
0.285000,-0.000171
0.286000,-0.000176
0.287000,-0.000171
0.288000,-0.000169
0.289000,-0.000160
0.290000,-0.000166
0.291000,-0.000164
0.292000,-0.000170
0.293000,-0.000167
0.294000,-0.000164
0.295000,-0.000166
0.296000,-0.000165
0.297000,-0.000158
0.298000,-0.000155
0.299000,-0.000157
0.300000,-0.000159
0.301000,-0.000160
0.302000,-0.000159
0.303000,-0.000161
0.304000,-0.000151
0.305000,-0.000157
0.306000,-0.000153
0.307000,-0.000167
0.308000,-0.000157
0.309000,-0.000164
0.310000,-0.000159
0.311000,-0.000164
0.312000,-0.000164
0.313000,-0.000167
0.314000,-0.000171
0.315000,-0.000160
0.316000,-0.000160
0.317000,-0.000163
0.318000,-0.000163
0.319000,-0.000165
0.320000,-0.000174
0.321000,-0.000166
0.322000,-0.000176
0.323000,-0.000168
0.324000,-0.000159
0.325000,-0.000149
0.326000,-0.000153
0.327000,-0.000149
0.328000,-0.000149
0.329000,-0.000146
0.330000,-0.000150
0.331000,-0.000156
0.332000,-0.000155
0.333000,-0.000163
0.334000,-0.000163
0.335000,-0.000158
0.336000,-0.000157
0.337000,-0.000151
0.338000,-0.000148
0.339000,-0.000145
0.340000,-0.000143
0.341000,-0.000145
0.342000,-0.000141
0.343000,-0.000152
0.344000,-0.000156
0.345000,-0.000160
0.346000,-0.000157
0.347000,-0.000155
0.348000,-0.000162
0.349000,-0.000157
0.350000,-0.000160
0.351000,-0.000166
0.352000,-0.000165
0.353000,-0.000161
0.354000,-0.000170
0.355000,-0.000151
0.356000,-0.000158
0.357000,-0.000156
0.358000,-0.000162
0.359000,-0.000157
0.360000,-0.000167
0.361000,-0.000157
0.362000,-0.000171
0.363000,-0.000177
0.364000,-0.000176
0.365000,-0.000161
0.366000,-0.000160
0.367000,-0.000151
0.368000,-0.000159
0.369000,-0.000159
0.370000,-0.000156
0.371000,-0.000157
0.372000,-0.000145
0.373000,-0.000145
0.374000,-0.000153
0.375000,-0.000151
0.376000,-0.000155
0.377000,-0.000156
0.378000,-0.000160
0.379000,-0.000153
0.380000,-0.000164
0.381000,-0.000167
0.382000,-0.000169
0.383000,-0.000167
0.384000,-0.000167
0.385000,-0.000165
0.386000,-0.000165
0.387000,-0.000167
0.388000,-0.000166
0.389000,-0.000167
0.390000,-0.000168
0.391000,-0.000157
0.392000,-0.000161
0.393000,-0.000153
0.394000,-0.000153
0.395000,-0.000153
0.396000,-0.000146
0.397000,-0.000150
0.398000,-0.000147
0.399000,-0.000154
0.400000,-0.000150
0.401000,-0.000148
0.402000,-0.000144
0.403000,-0.000151
0.404000,-0.000147
0.405000,-0.000152
0.406000,-0.000165
0.407000,-0.000165
0.408000,-0.000157
0.409000,-0.000161
0.410000,-0.000158
0.411000,-0.000158
0.412000,-0.000152
0.413000,-0.000154
0.414000,-0.000153
0.415000,-0.000139
0.416000,-0.000140
0.417000,-0.000139
0.418000,-0.000145
0.419000,-0.000143
0.420000,-0.000145
0.421000,-0.000142
0.422000,-0.000144
0.423000,-0.000147
0.424000,-0.000144
0.425000,-0.000142
0.426000,-0.000149
0.427000,-0.000145
0.428000,-0.000145
0.429000,-0.000142
0.430000,-0.000145
0.431000,-0.000149
0.432000,-0.000140
0.433000,-0.000151
0.434000,-0.000134
0.435000,-0.000142
0.436000,-0.000140
0.437000,-0.000145
0.438000,-0.000146
0.439000,-0.000158
0.440000,-0.000156
0.441000,-0.000157
0.442000,-0.000150
0.443000,-0.000156
0.444000,-0.000162
0.445000,-0.000165
0.446000,-0.000162
0.447000,-0.000161
0.448000,-0.000160
0.449000,-0.000161
0.450000,-0.000168
0.451000,-0.000165
0.452000,-0.000170
0.453000,-0.000166
0.454000,-0.000171
0.455000,-0.000174
0.456000,-0.000180
0.457000,-0.000176
0.458000,-0.000187
0.459000,-0.000182
0.460000,-0.000181
0.461000,-0.000175
0.462000,-0.000179
0.463000,-0.000176
0.464000,-0.000183
0.465000,-0.000174
0.466000,-0.000166
0.467000,-0.000171
0.468000,-0.000162
0.469000,-0.000160
0.470000,-0.000171
0.471000,-0.000173
0.472000,-0.000174
0.473000,-0.000177
0.474000,-0.000179
0.475000,-0.000176
0.476000,-0.000182
0.477000,-0.000176
0.478000,-0.000178
0.479000,-0.000178
0.480000,-0.000181
0.481000,-0.000185
0.482000,-0.000192
0.483000,-0.000171
0.484000,-0.000167
0.485000,-0.000167
0.486000,-0.000174
0.487000,-0.000167
0.488000,-0.000168
0.489000,-0.000160
0.490000,-0.000169
0.491000,-0.000171
0.492000,-0.000174
0.493000,-0.000167
0.494000,-0.000164
0.495000,-0.000164
0.496000,-0.000165
0.497000,-0.000161
0.498000,-0.000156
0.499000,-0.000160
0.500000,-0.000155
0.501000,-0.000157
0.502000,-0.000152
0.503000,-0.000155
0.504000,-0.000156
0.505000,-0.000157
0.506000,-0.000161
0.507000,-0.000151
0.508000,-0.000154
0.509000,-0.000150
0.510000,-0.000140
0.511000,-0.000142
0.512000,-0.000140
0.513000,-0.000144
0.514000,-0.000147
0.515000,-0.000140
0.516000,-0.000143
0.517000,-0.000137
0.518000,-0.000152
0.519000,-0.000147
0.520000,-0.000153
0.521000,-0.000154
0.522000,-0.000142
0.523000,-0.000141
0.524000,-0.000138
0.525000,-0.000139
0.526000,-0.000139
0.527000,-0.000139
0.528000,-0.000135
0.529000,-0.000139
0.530000,-0.000131
0.531000,-0.000142
0.532000,-0.000140
0.533000,-0.000145
0.534000,-0.000152
0.535000,-0.000153
0.536000,-0.000160
0.537000,-0.000148
0.538000,-0.000157
0.539000,-0.000149
0.540000,-0.000150
0.541000,-0.000150
0.542000,-0.000160
0.543000,-0.000157
0.544000,-0.000155
0.545000,-0.000153
0.546000,-0.000162
0.547000,-0.000155
0.548000,-0.000164
0.549000,-0.000160
0.550000,-0.000166
0.551000,-0.000168
0.552000,-0.000161
0.553000,-0.000140
0.554000,-0.000155
0.555000,-0.000158
0.556000,-0.000161
0.557000,-0.000165
0.558000,-0.000174
0.559000,-0.000164
0.560000,-0.000168
0.561000,-0.000167
0.562000,-0.000166
0.563000,-0.000160
0.564000,-0.000146
0.565000,-0.000148
0.566000,-0.000150
0.567000,-0.000146
0.568000,-0.000144
0.569000,-0.000147
0.570000,-0.000144
0.571000,-0.000141
0.572000,-0.000140
0.573000,-0.000130
0.574000,-0.000129
0.575000,-0.000131
0.576000,-0.000134
0.577000,-0.000136
0.578000,-0.000146
0.579000,-0.000140
0.580000,-0.000124
0.581000,-0.000127
0.582000,-0.000126
0.583000,-0.000136
0.584000,-0.000132
0.585000,-0.000127
0.586000,-0.000113
0.587000,-0.000119
0.588000,-0.000129
0.589000,-0.000129
0.590000,-0.000140
0.591000,-0.000119
0.592000,-0.000122
0.593000,-0.000126
0.594000,-0.000126
0.595000,-0.000119
0.596000,-0.000136
0.597000,-0.000131
0.598000,-0.000136
0.599000,-0.000141
0.600000,-0.000150
0.601000,-0.000154
0.602000,-0.000151
0.603000,-0.000161
0.604000,-0.000160
0.605000,-0.000170
0.606000,-0.000159
0.607000,-0.000163
0.608000,-0.000159
0.609000,-0.000162
0.610000,-0.000165
0.611000,-0.000157
0.612000,-0.000151
0.613000,-0.000151
0.614000,-0.000148
0.615000,-0.000149
0.616000,-0.000148
0.617000,-0.000149
0.618000,-0.000150
0.619000,-0.000146
0.620000,-0.000157
0.621000,-0.000158
0.622000,-0.000163
0.623000,-0.000158
0.624000,-0.000156
0.625000,-0.000157
0.626000,-0.000161
0.627000,-0.000150
0.628000,-0.000163
0.629000,-0.000156
0.630000,-0.000160
0.631000,-0.000158
0.632000,-0.000173
0.633000,-0.000168
0.634000,-0.000160
0.635000,-0.000161
0.636000,-0.000156
0.637000,-0.000159
0.638000,-0.000152
0.639000,-0.000157
0.640000,-0.000151
0.641000,-0.000149
0.642000,-0.000152
0.643000,-0.000150
0.644000,-0.000148
0.645000,-0.000147
0.646000,-0.000152
0.647000,-0.000145
0.648000,-0.000132
0.649000,-0.000136
0.650000,-0.000132
0.651000,-0.000140
0.652000,-0.000144
0.653000,-0.000137
0.654000,-0.000143
0.655000,-0.000146
0.656000,-0.000144
0.657000,-0.000151
0.658000,-0.000150
0.659000,-0.000151
0.660000,-0.000156
0.661000,-0.000158
0.662000,-0.000154
0.663000,-0.000157
0.664000,-0.000169
0.665000,-0.000172
0.666000,-0.000176
0.667000,-0.000176
0.668000,-0.000176
0.669000,-0.000177
0.670000,-0.000167
0.671000,-0.000169
0.672000,-0.000162
0.673000,-0.000158
0.674000,-0.000150
0.675000,-0.000152
0.676000,-0.000148
0.677000,-0.000147
0.678000,-0.000150
0.679000,-0.000151
0.680000,-0.000142
0.681000,-0.000150
0.682000,-0.000145
0.683000,-0.000143
0.684000,-0.000150
0.685000,-0.000144
0.686000,-0.000142
0.687000,-0.000144
0.688000,-0.000139
0.689000,-0.000141
0.690000,-0.000147
0.691000,-0.000144
0.692000,-0.000145
0.693000,-0.000142
0.694000,-0.000133
0.695000,-0.000141
0.696000,-0.000148
0.697000,-0.000147
0.698000,-0.000148
0.699000,-0.000147
0.700000,-0.000154
0.701000,-0.000154
0.702000,-0.000164
0.703000,-0.000156
0.704000,-0.000149
0.705000,-0.000148
0.706000,-0.000154
0.707000,-0.000154
0.708000,-0.000156
0.709000,-0.000155
0.710000,-0.000162
0.711000,-0.000142
0.712000,-0.000141
0.713000,-0.000149
0.714000,-0.000159
0.715000,-0.000155
0.716000,-0.000154
0.717000,-0.000152
0.718000,-0.000154
0.719000,-0.000157
0.720000,-0.000155
0.721000,-0.000168
0.722000,-0.000158
0.723000,-0.000157
0.724000,-0.000154
0.725000,-0.000158
0.726000,-0.000155
0.727000,-0.000152
0.728000,-0.000154
0.729000,-0.000150
0.730000,-0.000144
0.731000,-0.000146
0.732000,-0.000146
0.733000,-0.000148
0.734000,-0.000149
0.735000,-0.000148
0.736000,-0.000148
0.737000,-0.000146
0.738000,-0.000143
0.739000,-0.000140
0.740000,-0.000146
0.741000,-0.000146
0.742000,-0.000151
0.743000,-0.000140
0.744000,-0.000152
0.745000,-0.000146
0.746000,-0.000158
0.747000,-0.000154
0.748000,-0.000160
0.749000,-0.000159
0.750000,-0.000169
0.751000,-0.000164
0.752000,-0.000176
0.753000,-0.000170
0.754000,-0.000169
0.755000,-0.000168
0.756000,-0.000163
0.757000,-0.000165
0.758000,-0.000167
0.759000,-0.000157
0.760000,-0.000158
0.761000,-0.000150
0.762000,-0.000138
0.763000,-0.000135
0.764000,-0.000140
0.765000,-0.000118
0.766000,-0.000126
0.767000,-0.000129
0.768000,-0.000134
0.769000,-0.000137
0.770000,-0.000145
0.771000,-0.000144
0.772000,-0.000147
0.773000,-0.000146
0.774000,-0.000148
0.775000,-0.000154
0.776000,-0.000160
0.777000,-0.000150
0.778000,-0.000153
0.779000,-0.000157
0.780000,-0.000157
0.781000,-0.000160
0.782000,-0.000162
0.783000,-0.000162
0.784000,-0.000162
0.785000,-0.000161
0.786000,-0.000154
0.787000,-0.000163
0.788000,-0.000164
0.789000,-0.000157
0.790000,-0.000166
0.791000,-0.000166
0.792000,-0.000165
0.793000,-0.000167
0.794000,-0.000168
0.795000,-0.000169
0.796000,-0.000157
0.797000,-0.000149
0.798000,-0.000154
0.799000,-0.000148
0.800000,-0.000149
0.801000,-0.000153
0.802000,-0.000156
0.803000,-0.000154
0.804000,-0.000154
0.805000,-0.000151
0.806000,-0.000150
0.807000,-0.000152
0.808000,-0.000150
0.809000,-0.000149
0.810000,-0.000144
0.811000,-0.000147
0.812000,-0.000146
0.813000,-0.000154
0.814000,-0.000151
0.815000,-0.000163
0.816000,-0.000148
0.817000,-0.000153
0.818000,-0.000152
0.819000,-0.000152
0.820000,-0.000152
0.821000,-0.000151
0.822000,-0.000152
0.823000,-0.000152
0.824000,-0.000154
0.825000,-0.000153
0.826000,-0.000168
0.827000,-0.000164
0.828000,-0.000164
0.829000,-0.000167
0.830000,-0.000168
0.831000,-0.000163
0.832000,-0.000166
0.833000,-0.000162
0.834000,-0.000176
0.835000,-0.000165
0.836000,-0.000174
0.837000,-0.000157
0.838000,-0.000166
0.839000,-0.000162
0.840000,-0.000156
0.841000,-0.000155
0.842000,-0.000154
0.843000,-0.000159
0.844000,-0.000162
0.845000,-0.000157
0.846000,-0.000154
0.847000,-0.000155
0.848000,-0.000156
0.849000,-0.000155
0.850000,-0.000141
0.851000,-0.000140
0.852000,-0.000126
0.853000,-0.000127
0.854000,-0.000131
0.855000,-0.000129
0.856000,-0.000131
0.857000,-0.000130
0.858000,-0.000129
0.859000,-0.000137
0.860000,-0.000131
0.861000,-0.000148
0.862000,-0.000150
0.863000,-0.000162
0.864000,-0.000156
0.865000,-0.000161
0.866000,-0.000153
0.867000,-0.000151
0.868000,-0.000146
0.869000,-0.000148
0.870000,-0.000145
0.871000,-0.000150
0.872000,-0.000154
0.873000,-0.000162
0.874000,-0.000161
0.875000,-0.000160
0.876000,-0.000162
0.877000,-0.000166
0.878000,-0.000159
0.879000,-0.000163
0.880000,-0.000165
0.881000,-0.000157
0.882000,-0.000155
0.883000,-0.000154
0.884000,-0.000140
0.885000,-0.000144
0.886000,-0.000151
0.887000,-0.000154
0.888000,-0.000156
0.889000,-0.000159
0.890000,-0.000151
0.891000,-0.000160
0.892000,-0.000161
0.893000,-0.000159
0.894000,-0.000166
0.895000,-0.000174
0.896000,-0.000165
0.897000,-0.000169
0.898000,-0.000160
0.899000,-0.000173
0.900000,-0.000172
0.901000,-0.000174
0.902000,-0.000166
0.903000,-0.000171
0.904000,-0.000166
0.905000,-0.000174
0.906000,-0.000163
0.907000,-0.000160
0.908000,-0.000159
0.909000,-0.000137
0.910000,-0.000134
0.911000,-0.000137
0.912000,-0.000138
0.913000,-0.000140
0.914000,-0.000139
0.915000,-0.000139
0.916000,-0.000158
0.917000,-0.000150
0.918000,-0.000143
0.919000,-0.000121
0.920000,-0.000124
0.921000,-0.000116
0.922000,-0.000127
0.923000,-0.000128
0.924000,-0.000132
0.925000,-0.000140
0.926000,-0.000142
0.927000,-0.000146
0.928000,-0.000139
0.929000,-0.000139
0.930000,-0.000140
0.931000,-0.000142
0.932000,-0.000141
0.933000,-0.000152
0.934000,-0.000151
0.935000,-0.000159
0.936000,-0.000154
0.937000,-0.000153
0.938000,-0.000147
0.939000,-0.000137
0.940000,-0.000137
0.941000,-0.000127
0.942000,-0.000126
0.943000,-0.000134
0.944000,-0.000130
0.945000,-0.000139
0.946000,-0.000140
0.947000,-0.000144
0.948000,-0.000146
0.949000,-0.000147
0.950000,-0.000147
0.951000,-0.000155
0.952000,-0.000155
0.953000,-0.000153
0.954000,-0.000154
0.955000,-0.000149
0.956000,-0.000142
0.957000,-0.000139
0.958000,-0.000132
0.959000,-0.000133
0.960000,-0.000129
0.961000,-0.000124
0.962000,-0.000122
0.963000,-0.000124
0.964000,-0.000119
0.965000,-0.000122
0.966000,-0.000127
0.967000,-0.000128
0.968000,-0.000126
0.969000,-0.000126
0.970000,-0.000120
0.971000,-0.000129
0.972000,-0.000130
0.973000,-0.000130
0.974000,-0.000132
0.975000,-0.000138
0.976000,-0.000137
0.977000,-0.000142
0.978000,-0.000151
0.979000,-0.000154
0.980000,-0.000144
0.981000,-0.000133
0.982000,-0.000126
0.983000,-0.000133
0.984000,-0.000139
0.985000,-0.000144
0.986000,-0.000151
0.987000,-0.000166
0.988000,-0.000169
0.989000,-0.000177
0.990000,-0.000183
0.991000,-0.000181
0.992000,-0.000178
0.993000,-0.000176
0.994000,-0.000173
0.995000,-0.000178
0.996000,-0.000165
0.997000,-0.000151
0.998000,-0.000155
0.999000,-0.000138
1.000000,-0.000144
1.001000,-0.000152
1.002000,-0.000155
1.003000,-0.000148
1.004000,-0.000155
1.005000,-0.000156
1.006000,-0.000166
1.007000,-0.000157
1.008000,-0.000167
1.009000,-0.000157
1.010000,-0.000166
1.011000,-0.000167
1.012000,-0.000158
1.013000,-0.000159
1.014000,-0.000153
1.015000,-0.000150
1.016000,-0.000152
1.017000,-0.000144
1.018000,-0.000146
1.019000,-0.000148
1.020000,-0.000150
1.021000,-0.000153
1.022000,-0.000141
1.023000,-0.000155
1.024000,-0.000150
1.025000,-0.000154
1.026000,-0.000152
1.027000,-0.000152
1.028000,-0.000154
1.029000,-0.000150
1.030000,-0.000140
1.031000,-0.000142
1.032000,-0.000144
1.033000,-0.000142
1.034000,-0.000146
1.035000,-0.000145
1.036000,-0.000144
1.037000,-0.000132
1.038000,-0.000122
1.039000,-0.000127
1.040000,-0.000141
1.041000,-0.000137
1.042000,-0.000143
1.043000,-0.000144
1.044000,-0.000147
1.045000,-0.000147
1.046000,-0.000148
1.047000,-0.000150
1.048000,-0.000152
1.049000,-0.000147
1.050000,-0.000147
1.051000,-0.000141
1.052000,-0.000139
1.053000,-0.000145
1.054000,-0.000149
1.055000,-0.000149
1.056000,-0.000154
1.057000,-0.000147
1.058000,-0.000154
1.059000,-0.000158
1.060000,-0.000160
1.061000,-0.000154
1.062000,-0.000157
1.063000,-0.000152
1.064000,-0.000159
1.065000,-0.000161
1.066000,-0.000161
1.067000,-0.000153
1.068000,-0.000159
1.069000,-0.000155
1.070000,-0.000161
1.071000,-0.000156
1.072000,-0.000155
1.073000,-0.000160
1.074000,-0.000162
1.075000,-0.000153
1.076000,-0.000159
1.077000,-0.000160
1.078000,-0.000158
1.079000,-0.000168
1.080000,-0.000164
1.081000,-0.000156
1.082000,-0.000170
1.083000,-0.000158
1.084000,-0.000153
1.085000,-0.000156
1.086000,-0.000161
1.087000,-0.000157
1.088000,-0.000162
1.089000,-0.000165
1.090000,-0.000161
1.091000,-0.000163
1.092000,-0.000168
1.093000,-0.000161
1.094000,-0.000166
1.095000,-0.000173
1.096000,-0.000180
1.097000,-0.000179
1.098000,-0.000165
1.099000,-0.000166
1.100000,-0.000164
1.101000,-0.000169
1.102000,-0.000168
1.103000,-0.000164
1.104000,-0.000162
1.105000,-0.000160
1.106000,-0.000162
1.107000,-0.000158
1.108000,-0.000157
1.109000,-0.000159
1.110000,-0.000160
1.111000,-0.000163
1.112000,-0.000162
1.113000,-0.000157
1.114000,-0.000154
1.115000,-0.000147
1.116000,-0.000144
1.117000,-0.000149
1.118000,-0.000148
1.119000,-0.000153
1.120000,-0.000150
1.121000,-0.000161
1.122000,-0.000170
1.123000,-0.000165
1.124000,-0.000159
1.125000,-0.000162
1.126000,-0.000156
1.127000,-0.000146
1.128000,-0.000147
1.129000,-0.000149
1.130000,-0.000145
1.131000,-0.000145
1.132000,-0.000146
1.133000,-0.000141
1.134000,-0.000144
1.135000,-0.000151
1.136000,-0.000153
1.137000,-0.000151
1.138000,-0.000159
1.139000,-0.000165
1.140000,-0.000167
1.141000,-0.000161
1.142000,-0.000171
1.143000,-0.000169
1.144000,-0.000163
1.145000,-0.000161
1.146000,-0.000159
1.147000,-0.000169
1.148000,-0.000163
1.149000,-0.000155
1.150000,-0.000152
1.151000,-0.000153
1.152000,-0.000148
1.153000,-0.000145
1.154000,-0.000153
1.155000,-0.000152
1.156000,-0.000152
1.157000,-0.000155
1.158000,-0.000156
1.159000,-0.000153
1.160000,-0.000155
1.161000,-0.000151
1.162000,-0.000150
1.163000,-0.000153
1.164000,-0.000152
1.165000,-0.000153
1.166000,-0.000153
1.167000,-0.000155
1.168000,-0.000154
1.169000,-0.000159
1.170000,-0.000158
1.171000,-0.000158
1.172000,-0.000165
1.173000,-0.000158
1.174000,-0.000161
1.175000,-0.000164
1.176000,-0.000158
1.177000,-0.000156
1.178000,-0.000157
1.179000,-0.000155
1.180000,-0.000151
1.181000,-0.000154
1.182000,-0.000156
1.183000,-0.000156
1.184000,-0.000157
1.185000,-0.000158
1.186000,-0.000153
1.187000,-0.000156
1.188000,-0.000163
1.189000,-0.000161
1.190000,-0.000164
1.191000,-0.000172
1.192000,-0.000150
1.193000,-0.000162
1.194000,-0.000168
1.195000,-0.000170
1.196000,-0.000173
1.197000,-0.000156
1.198000,-0.000164
1.199000,-0.000161
1.200000,-0.000159
1.201000,-0.000155
1.202000,-0.000151
1.203000,-0.000154
1.204000,-0.000151
1.205000,-0.000150
1.206000,-0.000146
1.207000,-0.000153
1.208000,-0.000152
1.209000,-0.000157
1.210000,-0.000149
1.211000,-0.000161
1.212000,-0.000149
1.213000,-0.000151
1.214000,-0.000149
1.215000,-0.000152
1.216000,-0.000157
1.217000,-0.000150
1.218000,-0.000149
1.219000,-0.000150
1.220000,-0.000152
1.221000,-0.000151
1.222000,-0.000153
1.223000,-0.000154
1.224000,-0.000157
1.225000,-0.000153
1.226000,-0.000160
1.227000,-0.000151
1.228000,-0.000157
1.229000,-0.000161
1.230000,-0.000167
1.231000,-0.000163
1.232000,-0.000161
1.233000,-0.000171
1.234000,-0.000174
1.235000,-0.000168
1.236000,-0.000162
1.237000,-0.000162
1.238000,-0.000162
1.239000,-0.000159
1.240000,-0.000154
1.241000,-0.000159
1.242000,-0.000151
1.243000,-0.000156
1.244000,-0.000157
1.245000,-0.000152
1.246000,-0.000157
1.247000,-0.000160
1.248000,-0.000169
1.249000,-0.000160
1.250000,-0.000160
1.251000,-0.000166
1.252000,-0.000173
1.253000,-0.000170
1.254000,-0.000176
1.255000,-0.000175
1.256000,-0.000169
1.257000,-0.000174
1.258000,-0.000175
1.259000,-0.000172
1.260000,-0.000169
1.261000,-0.000180
1.262000,-0.000174
1.263000,-0.000178
1.264000,-0.000177
1.265000,-0.000173
1.266000,-0.000172
1.267000,-0.000182
1.268000,-0.000175
1.269000,-0.000183
1.270000,-0.000185
1.271000,-0.000184
1.272000,-0.000182
1.273000,-0.000179
1.274000,-0.000171
1.275000,-0.000171
1.276000,-0.000167
1.277000,-0.000169
1.278000,-0.000169
1.279000,-0.000170
1.280000,-0.000167
1.281000,-0.000172
1.282000,-0.000174
1.283000,-0.000175
1.284000,-0.000175
1.285000,-0.000172
1.286000,-0.000171
1.287000,-0.000177
1.288000,-0.000178
1.289000,-0.000187
1.290000,-0.000175
1.291000,-0.000173
1.292000,-0.000176
1.293000,-0.000185
1.294000,-0.000185
1.295000,-0.000186
1.296000,-0.000183
1.297000,-0.000176
1.298000,-0.000177
1.299000,-0.000177
1.300000,-0.000171
1.301000,-0.000172
1.302000,-0.000162
1.303000,-0.000155
1.304000,-0.000154
1.305000,-0.000162
1.306000,-0.000157
1.307000,-0.000161
1.308000,-0.000150
1.309000,-0.000139
1.310000,-0.000139
1.311000,-0.000148
1.312000,-0.000145
1.313000,-0.000145
1.314000,-0.000146
1.315000,-0.000155
1.316000,-0.000156
1.317000,-0.000152
1.318000,-0.000146
1.319000,-0.000144
1.320000,-0.000156
1.321000,-0.000152
1.322000,-0.000160
1.323000,-0.000160
1.324000,-0.000152
1.325000,-0.000161
1.326000,-0.000158
1.327000,-0.000154
1.328000,-0.000160
1.329000,-0.000159
1.330000,-0.000153
1.331000,-0.000133
1.332000,-0.000134
1.333000,-0.000141
1.334000,-0.000134
1.335000,-0.000145
1.336000,-0.000143
1.337000,-0.000145
1.338000,-0.000150
1.339000,-0.000147
1.340000,-0.000138
1.341000,-0.000145
1.342000,-0.000156
1.343000,-0.000158
1.344000,-0.000155
1.345000,-0.000150
1.346000,-0.000157
1.347000,-0.000160
1.348000,-0.000160
1.349000,-0.000170
1.350000,-0.000169
1.351000,-0.000168
1.352000,-0.000159
1.353000,-0.000154
1.354000,-0.000147
1.355000,-0.000156
1.356000,-0.000159
1.357000,-0.000156
1.358000,-0.000157
1.359000,-0.000155
1.360000,-0.000154
1.361000,-0.000156
1.362000,-0.000154
1.363000,-0.000151
1.364000,-0.000154
1.365000,-0.000155
1.366000,-0.000150
1.367000,-0.000165
1.368000,-0.000140
1.369000,-0.000148
1.370000,-0.000149
1.371000,-0.000150
1.372000,-0.000144
1.373000,-0.000152
1.374000,-0.000148
1.375000,-0.000147
1.376000,-0.000152
1.377000,-0.000153
1.378000,-0.000157
1.379000,-0.000169
1.380000,-0.000154
1.381000,-0.000149
1.382000,-0.000152
1.383000,-0.000151
1.384000,-0.000151
1.385000,-0.000151
1.386000,-0.000148
1.387000,-0.000151
1.388000,-0.000149
1.389000,-0.000145
1.390000,-0.000139
1.391000,-0.000148
1.392000,-0.000149
1.393000,-0.000149
1.394000,-0.000158
1.395000,-0.000154
1.396000,-0.000152
1.397000,-0.000152
1.398000,-0.000129
1.399000,-0.000137
1.400000,-0.000136
1.401000,-0.000138
1.402000,-0.000126
1.403000,-0.000136
1.404000,-0.000138
1.405000,-0.000149
1.406000,-0.000155
1.407000,-0.000151
1.408000,-0.000151
1.409000,-0.000145
1.410000,-0.000152
1.411000,-0.000144
1.412000,-0.000152
1.413000,-0.000150
1.414000,-0.000153
1.415000,-0.000149
1.416000,-0.000155
1.417000,-0.000148
1.418000,-0.000157
1.419000,-0.000150
1.420000,-0.000135
1.421000,-0.000130
1.422000,-0.000136
1.423000,-0.000137
1.424000,-0.000146
1.425000,-0.000149
1.426000,-0.000141
1.427000,-0.000152
1.428000,-0.000157
1.429000,-0.000157
1.430000,-0.000159
1.431000,-0.000159
1.432000,-0.000155
1.433000,-0.000152
1.434000,-0.000145
1.435000,-0.000154
1.436000,-0.000140
1.437000,-0.000143
1.438000,-0.000139
1.439000,-0.000141
1.440000,-0.000145
1.441000,-0.000139
1.442000,-0.000143
1.443000,-0.000143
1.444000,-0.000144
1.445000,-0.000143
1.446000,-0.000143
1.447000,-0.000141
1.448000,-0.000149
1.449000,-0.000154
1.450000,-0.000155
1.451000,-0.000152
1.452000,-0.000161
1.453000,-0.000152
1.454000,-0.000159
1.455000,-0.000160
1.456000,-0.000159
1.457000,-0.000161
1.458000,-0.000164
1.459000,-0.000157
1.460000,-0.000177
1.461000,-0.000175
1.462000,-0.000172
1.463000,-0.000171
1.464000,-0.000173
1.465000,-0.000168
1.466000,-0.000171
1.467000,-0.000174
1.468000,-0.000176
1.469000,-0.000175
1.470000,-0.000180
1.471000,-0.000169
1.472000,-0.000165
1.473000,-0.000160
1.474000,-0.000164
1.475000,-0.000162
1.476000,-0.000155
1.477000,-0.000149
1.478000,-0.000152
1.479000,-0.000142
1.480000,-0.000144
1.481000,-0.000143
1.482000,-0.000142
1.483000,-0.000142
1.484000,-0.000152
1.485000,-0.000148
1.486000,-0.000153
1.487000,-0.000150
1.488000,-0.000160
1.489000,-0.000158
1.490000,-0.000159
1.491000,-0.000159
1.492000,-0.000173
1.493000,-0.000166
1.494000,-0.000166
1.495000,-0.000166
1.496000,-0.000170
1.497000,-0.000159
1.498000,-0.000160
1.499000,-0.000158
1.500000,-0.000159
1.501000,-0.000165
1.502000,-0.000161
1.503000,-0.000155
1.504000,-0.000163
1.505000,-0.000150
1.506000,-0.000160
1.507000,-0.000154
1.508000,-0.000158
1.509000,-0.000157
1.510000,-0.000156
1.511000,-0.000161
1.512000,-0.000158
1.513000,-0.000157
1.514000,-0.000155
1.515000,-0.000157
1.516000,-0.000149
1.517000,-0.000159
1.518000,-0.000155
1.519000,-0.000158
1.520000,-0.000152
1.521000,-0.000159
1.522000,-0.000148
1.523000,-0.000151
1.524000,-0.000148
1.525000,-0.000146
1.526000,-0.000154
1.527000,-0.000146
1.528000,-0.000131
1.529000,-0.000132
1.530000,-0.000137
1.531000,-0.000134
1.532000,-0.000125
1.533000,-0.000127
1.534000,-0.000140
1.535000,-0.000148
1.536000,-0.000159
1.537000,-0.000152
1.538000,-0.000155
1.539000,-0.000161
1.540000,-0.000157
1.541000,-0.000157
1.542000,-0.000151
1.543000,-0.000159
1.544000,-0.000162
1.545000,-0.000154
1.546000,-0.000155
1.547000,-0.000153
1.548000,-0.000157
1.549000,-0.000144
1.550000,-0.000155
1.551000,-0.000155
1.552000,-0.000153
1.553000,-0.000158
1.554000,-0.000158
1.555000,-0.000162
1.556000,-0.000167
1.557000,-0.000160
1.558000,-0.000155
1.559000,-0.000154
1.560000,-0.000159
1.561000,-0.000153
1.562000,-0.000156
1.563000,-0.000157
1.564000,-0.000153
1.565000,-0.000154
1.566000,-0.000153
1.567000,-0.000149
1.568000,-0.000157
1.569000,-0.000155
1.570000,-0.000156
1.571000,-0.000160
1.572000,-0.000164
1.573000,-0.000159
1.574000,-0.000155
1.575000,-0.000156
1.576000,-0.000156
1.577000,-0.000160
1.578000,-0.000159
1.579000,-0.000157
1.580000,-0.000162
1.581000,-0.000152
1.582000,-0.000155
1.583000,-0.000158
1.584000,-0.000154
1.585000,-0.000150
1.586000,-0.000159
1.587000,-0.000162
1.588000,-0.000172
1.589000,-0.000174
1.590000,-0.000170
1.591000,-0.000155
1.592000,-0.000156
1.593000,-0.000158
1.594000,-0.000154
1.595000,-0.000152
1.596000,-0.000150
1.597000,-0.000150
1.598000,-0.000154
1.599000,-0.000152
1.600000,-0.000151
1.601000,-0.000135
1.602000,-0.000143
1.603000,-0.000144
1.604000,-0.000148
1.605000,-0.000151
1.606000,-0.000137
1.607000,-0.000154
1.608000,-0.000154
1.609000,-0.000160
1.610000,-0.000153
1.611000,-0.000152
1.612000,-0.000150
1.613000,-0.000156
1.614000,-0.000149
1.615000,-0.000164
1.616000,-0.000154
1.617000,-0.000154
1.618000,-0.000151
1.619000,-0.000148
1.620000,-0.000150
1.621000,-0.000152
1.622000,-0.000156
1.623000,-0.000160
1.624000,-0.000160
1.625000,-0.000155
1.626000,-0.000164
1.627000,-0.000156
1.628000,-0.000169
1.629000,-0.000158
1.630000,-0.000166
1.631000,-0.000162
1.632000,-0.000160
1.633000,-0.000158
1.634000,-0.000153
1.635000,-0.000149
1.636000,-0.000143
1.637000,-0.000146
1.638000,-0.000150
1.639000,-0.000145
1.640000,-0.000151
1.641000,-0.000154
1.642000,-0.000160
1.643000,-0.000152
1.644000,-0.000150
1.645000,-0.000154
1.646000,-0.000155
1.647000,-0.000166
1.648000,-0.000164
1.649000,-0.000166
1.650000,-0.000167
1.651000,-0.000163
1.652000,-0.000155
1.653000,-0.000147
1.654000,-0.000152
1.655000,-0.000147
1.656000,-0.000144
1.657000,-0.000149
1.658000,-0.000140
1.659000,-0.000137
1.660000,-0.000144
1.661000,-0.000147
1.662000,-0.000147
1.663000,-0.000142
1.664000,-0.000145
1.665000,-0.000144
1.666000,-0.000144
1.667000,-0.000147
1.668000,-0.000152
1.669000,-0.000155
1.670000,-0.000161
1.671000,-0.000152
1.672000,-0.000150
1.673000,-0.000142
1.674000,-0.000145
1.675000,-0.000136
1.676000,-0.000136
1.677000,-0.000136
1.678000,-0.000132
1.679000,-0.000129
1.680000,-0.000136
1.681000,-0.000132
1.682000,-0.000129
1.683000,-0.000133
1.684000,-0.000122
1.685000,-0.000134
1.686000,-0.000140
1.687000,-0.000147
1.688000,-0.000147
1.689000,-0.000150
1.690000,-0.000143
1.691000,-0.000144
1.692000,-0.000145
1.693000,-0.000142
1.694000,-0.000146
1.695000,-0.000151
1.696000,-0.000157
1.697000,-0.000156
1.698000,-0.000152
1.699000,-0.000156
1.700000,-0.000146
1.701000,-0.000153
1.702000,-0.000154
1.703000,-0.000150
1.704000,-0.000147
1.705000,-0.000147
1.706000,-0.000137
1.707000,-0.000139
1.708000,-0.000141
1.709000,-0.000150
1.710000,-0.000138
1.711000,-0.000154
1.712000,-0.000150
1.713000,-0.000154
1.714000,-0.000161
1.715000,-0.000154
1.716000,-0.000156
1.717000,-0.000157
1.718000,-0.000150
1.719000,-0.000154
1.720000,-0.000151
1.721000,-0.000162
1.722000,-0.000154
1.723000,-0.000164
1.724000,-0.000146
1.725000,-0.000143
1.726000,-0.000142
1.727000,-0.000143
1.728000,-0.000155
1.729000,-0.000158
1.730000,-0.000162
1.731000,-0.000163
1.732000,-0.000154
1.733000,-0.000161
1.734000,-0.000161
1.735000,-0.000161
1.736000,-0.000163
1.737000,-0.000159
1.738000,-0.000161
1.739000,-0.000152
1.740000,-0.000153
1.741000,-0.000145
1.742000,-0.000143
1.743000,-0.000146
1.744000,-0.000155
1.745000,-0.000153
1.746000,-0.000154
1.747000,-0.000145
1.748000,-0.000150
1.749000,-0.000151
1.750000,-0.000133
1.751000,-0.000114
1.752000,-0.000117
1.753000,-0.000109
1.754000,-0.000114
1.755000,-0.000119
1.756000,-0.000125
1.757000,-0.000130
1.758000,-0.000134
1.759000,-0.000119
1.760000,-0.000130
1.761000,-0.000137
1.762000,-0.000146
1.763000,-0.000150
1.764000,-0.000153
1.765000,-0.000149
1.766000,-0.000156
1.767000,-0.000161
1.768000,-0.000156
1.769000,-0.000167
1.770000,-0.000159
1.771000,-0.000153
1.772000,-0.000142
1.773000,-0.000149
1.774000,-0.000149
1.775000,-0.000152
1.776000,-0.000148
1.777000,-0.000154
1.778000,-0.000153
1.779000,-0.000158
1.780000,-0.000159
1.781000,-0.000141
1.782000,-0.000137
1.783000,-0.000138
1.784000,-0.000139
1.785000,-0.000140
1.786000,-0.000141
1.787000,-0.000150
1.788000,-0.000146
1.789000,-0.000149
1.790000,-0.000149
1.791000,-0.000152
1.792000,-0.000154
1.793000,-0.000154
1.794000,-0.000163
1.795000,-0.000166
1.796000,-0.000167
1.797000,-0.000146
1.798000,-0.000156
1.799000,-0.000153
1.800000,-0.000138
1.801000,-0.000142
1.802000,-0.000149
1.803000,-0.000164
1.804000,-0.000162
1.805000,-0.000155
1.806000,-0.000159
1.807000,-0.000153
1.808000,-0.000152
1.809000,-0.000140
1.810000,-0.000133
1.811000,-0.000137
1.812000,-0.000135
1.813000,-0.000139
1.814000,-0.000139
1.815000,-0.000139
1.816000,-0.000131
1.817000,-0.000137
1.818000,-0.000140
1.819000,-0.000140
1.820000,-0.000146
1.821000,-0.000148
1.822000,-0.000147
1.823000,-0.000150
1.824000,-0.000152
1.825000,-0.000147
1.826000,-0.000150
1.827000,-0.000150
1.828000,-0.000156
1.829000,-0.000150
1.830000,-0.000154
1.831000,-0.000149
1.832000,-0.000152
1.833000,-0.000148
1.834000,-0.000153
1.835000,-0.000156
1.836000,-0.000161
1.837000,-0.000152
1.838000,-0.000158
1.839000,-0.000150
1.840000,-0.000155
1.841000,-0.000151
1.842000,-0.000157
1.843000,-0.000159
1.844000,-0.000149
1.845000,-0.000165
1.846000,-0.000162
1.847000,-0.000166
1.848000,-0.000159
1.849000,-0.000149
1.850000,-0.000146
1.851000,-0.000145
1.852000,-0.000143
1.853000,-0.000154
1.854000,-0.000146
1.855000,-0.000150
1.856000,-0.000148
1.857000,-0.000145
1.858000,-0.000142
1.859000,-0.000146
1.860000,-0.000135
1.861000,-0.000137
1.862000,-0.000148
1.863000,-0.000150
1.864000,-0.000145
1.865000,-0.000138
1.866000,-0.000141
1.867000,-0.000146
1.868000,-0.000149
1.869000,-0.000144
1.870000,-0.000142
1.871000,-0.000148
1.872000,-0.000145
1.873000,-0.000147
1.874000,-0.000149
1.875000,-0.000147
1.876000,-0.000147
1.877000,-0.000163
1.878000,-0.000153
1.879000,-0.000153
1.880000,-0.000141
1.881000,-0.000137
1.882000,-0.000136
1.883000,-0.000143
1.884000,-0.000147
1.885000,-0.000152
1.886000,-0.000157
1.887000,-0.000153
1.888000,-0.000150
1.889000,-0.000161
1.890000,-0.000149
1.891000,-0.000145
1.892000,-0.000150
1.893000,-0.000154
1.894000,-0.000153
1.895000,-0.000159
1.896000,-0.000149
1.897000,-0.000162
1.898000,-0.000159
1.899000,-0.000159
1.900000,-0.000165
1.901000,-0.000164
1.902000,-0.000156
1.903000,-0.000158
1.904000,-0.000163
1.905000,-0.000156
1.906000,-0.000165
1.907000,-0.000157
1.908000,-0.000161
1.909000,-0.000160
1.910000,-0.000158
1.911000,-0.000161
1.912000,-0.000160
1.913000,-0.000162
1.914000,-0.000161
1.915000,-0.000161
1.916000,-0.000161
1.917000,-0.000137
1.918000,-0.000141
1.919000,-0.000145
1.920000,-0.000146
1.921000,-0.000157
1.922000,-0.000158
1.923000,-0.000151
1.924000,-0.000154
1.925000,-0.000150
1.926000,-0.000155
1.927000,-0.000154
1.928000,-0.000160
1.929000,-0.000159
1.930000,-0.000152
1.931000,-0.000146
1.932000,-0.000140
1.933000,-0.000142
1.934000,-0.000146
1.935000,-0.000140
1.936000,-0.000144
1.937000,-0.000140
1.938000,-0.000142
1.939000,-0.000144
1.940000,-0.000141
1.941000,-0.000146
1.942000,-0.000146
1.943000,-0.000148
1.944000,-0.000148
1.945000,-0.000161
1.946000,-0.000164
1.947000,-0.000164
1.948000,-0.000160
1.949000,-0.000161
1.950000,-0.000162
1.951000,-0.000166
1.952000,-0.000161
1.953000,-0.000163
1.954000,-0.000161
1.955000,-0.000159
1.956000,-0.000164
1.957000,-0.000162
1.958000,-0.000150
1.959000,-0.000155
1.960000,-0.000160
1.961000,-0.000158
1.962000,-0.000166
1.963000,-0.000170
1.964000,-0.000167
1.965000,-0.000178
1.966000,-0.000171
1.967000,-0.000162
1.968000,-0.000167
1.969000,-0.000168
1.970000,-0.000160
1.971000,-0.000155
1.972000,-0.000162
1.973000,-0.000161
1.974000,-0.000168
1.975000,-0.000173
1.976000,-0.000164
1.977000,-0.000166
1.978000,-0.000163
1.979000,-0.000161
1.980000,-0.000158
1.981000,-0.000166
1.982000,-0.000159
1.983000,-0.000164
1.984000,-0.000163
1.985000,-0.000160
1.986000,-0.000164
1.987000,-0.000174
1.988000,-0.000160
1.989000,-0.000177
1.990000,-0.000177
1.991000,-0.000155
1.992000,-0.000156
1.993000,-0.000163
1.994000,-0.000164
1.995000,-0.000168
1.996000,-0.000162
1.997000,-0.000159
1.998000,-0.000155
1.999000,-0.000154
2.000000,-0.000157
2.001000,-0.000153
2.002000,-0.000155
2.003000,-0.000163
2.004000,-0.000161
2.005000,-0.000156
2.006000,-0.000168
2.007000,-0.000162
2.008000,-0.000170
2.009000,-0.000163
2.010000,-0.000163
2.011000,-0.000168
2.012000,-0.000167
2.013000,-0.000166
2.014000,-0.000150
2.015000,-0.000151
2.016000,-0.000156
2.017000,-0.000153
2.018000,-0.000150
2.019000,-0.000151
2.020000,-0.000148
2.021000,-0.000154
2.022000,-0.000155
2.023000,-0.000155
2.024000,-0.000151
2.025000,-0.000150
2.026000,-0.000151
2.027000,-0.000152
2.028000,-0.000149
2.029000,-0.000152
2.030000,-0.000157
2.031000,-0.000163
2.032000,-0.000156
2.033000,-0.000162
2.034000,-0.000165
2.035000,-0.000160
2.036000,-0.000163
2.037000,-0.000166
2.038000,-0.000154
2.039000,-0.000154
2.040000,-0.000150
2.041000,-0.000150
2.042000,-0.000147
2.043000,-0.000151
2.044000,-0.000148
2.045000,-0.000151
2.046000,-0.000150
2.047000,-0.000156
2.048000,-0.000164
2.049000,-0.000156
2.050000,-0.000162
2.051000,-0.000167
2.052000,-0.000165
2.053000,-0.000167
2.054000,-0.000164
2.055000,-0.000163
2.056000,-0.000158
2.057000,-0.000153
2.058000,-0.000152
2.059000,-0.000158
2.060000,-0.000150
2.061000,-0.000143
2.062000,-0.000144
2.063000,-0.000132
2.064000,-0.000127
2.065000,-0.000127
2.066000,-0.000124
2.067000,-0.000122
2.068000,-0.000129
2.069000,-0.000130
2.070000,-0.000130
2.071000,-0.000134
2.072000,-0.000130
2.073000,-0.000122
2.074000,-0.000129
2.075000,-0.000141
2.076000,-0.000150
2.077000,-0.000153
2.078000,-0.000148
2.079000,-0.000144
2.080000,-0.000148
2.081000,-0.000145
2.082000,-0.000147
2.083000,-0.000148
2.084000,-0.000149
2.085000,-0.000153
2.086000,-0.000159
2.087000,-0.000157
2.088000,-0.000165
2.089000,-0.000164
2.090000,-0.000157
2.091000,-0.000166
2.092000,-0.000167
2.093000,-0.000167
2.094000,-0.000170
2.095000,-0.000168
2.096000,-0.000164
2.097000,-0.000162
2.098000,-0.000167
2.099000,-0.000163
2.100000,-0.000163
2.101000,-0.000164
2.102000,-0.000159
2.103000,-0.000164
2.104000,-0.000165
2.105000,-0.000169
2.106000,-0.000175
2.107000,-0.000153
2.108000,-0.000161
2.109000,-0.000158
2.110000,-0.000157
2.111000,-0.000149
2.112000,-0.000149
2.113000,-0.000146
2.114000,-0.000151
2.115000,-0.000148
2.116000,-0.000154
2.117000,-0.000147
2.118000,-0.000147
2.119000,-0.000148
2.120000,-0.000145
2.121000,-0.000163
2.122000,-0.000156
2.123000,-0.000163
2.124000,-0.000157
2.125000,-0.000164
2.126000,-0.000159
2.127000,-0.000163
2.128000,-0.000159
2.129000,-0.000167
2.130000,-0.000156
2.131000,-0.000159
2.132000,-0.000148
2.133000,-0.000155
2.134000,-0.000151
2.135000,-0.000147
2.136000,-0.000157
2.137000,-0.000161
2.138000,-0.000162
2.139000,-0.000163
2.140000,-0.000161
2.141000,-0.000158
2.142000,-0.000169
2.143000,-0.000158
2.144000,-0.000150
2.145000,-0.000156
2.146000,-0.000165
2.147000,-0.000164
2.148000,-0.000172
2.149000,-0.000156
2.150000,-0.000170
2.151000,-0.000159
2.152000,-0.000159
2.153000,-0.000157
2.154000,-0.000156
2.155000,-0.000150
2.156000,-0.000152
2.157000,-0.000149
2.158000,-0.000150
2.159000,-0.000148
2.160000,-0.000156
2.161000,-0.000159
2.162000,-0.000160
2.163000,-0.000170
2.164000,-0.000171
2.165000,-0.000165
2.166000,-0.000162
2.167000,-0.000159
2.168000,-0.000159
2.169000,-0.000157
2.170000,-0.000156
2.171000,-0.000153
2.172000,-0.000151
2.173000,-0.000163
2.174000,-0.000166
2.175000,-0.000165
2.176000,-0.000159
2.177000,-0.000159
2.178000,-0.000152
2.179000,-0.000148
2.180000,-0.000148
2.181000,-0.000151
2.182000,-0.000133
2.183000,-0.000129
2.184000,-0.000129
2.185000,-0.000139
2.186000,-0.000143
2.187000,-0.000144
2.188000,-0.000146
2.189000,-0.000160
2.190000,-0.000149
2.191000,-0.000145
2.192000,-0.000153
2.193000,-0.000147
2.194000,-0.000143
2.195000,-0.000145
2.196000,-0.000139
2.197000,-0.000146
2.198000,-0.000137
2.199000,-0.000140
2.200000,-0.000141
2.201000,-0.000135
2.202000,-0.000147
2.203000,-0.000145
2.204000,-0.000152
2.205000,-0.000152
2.206000,-0.000159
2.207000,-0.000159
2.208000,-0.000158
2.209000,-0.000151
2.210000,-0.000156
2.211000,-0.000155
2.212000,-0.000164
2.213000,-0.000156
2.214000,-0.000161
2.215000,-0.000146
2.216000,-0.000151
2.217000,-0.000151
2.218000,-0.000143
2.219000,-0.000154
2.220000,-0.000153
2.221000,-0.000166
2.222000,-0.000149
2.223000,-0.000151
2.224000,-0.000141
2.225000,-0.000150
2.226000,-0.000143
2.227000,-0.000150
2.228000,-0.000147
2.229000,-0.000151
2.230000,-0.000147
2.231000,-0.000148
2.232000,-0.000147
2.233000,-0.000145
2.234000,-0.000144
2.235000,-0.000142
2.236000,-0.000145
2.237000,-0.000153
2.238000,-0.000154
2.239000,-0.000148
2.240000,-0.000154
2.241000,-0.000155
2.242000,-0.000156
2.243000,-0.000147
2.244000,-0.000155
2.245000,-0.000151
2.246000,-0.000151
2.247000,-0.000153
2.248000,-0.000150
2.249000,-0.000157
2.250000,-0.000166
2.251000,-0.000158
2.252000,-0.000168
2.253000,-0.000171
2.254000,-0.000175
2.255000,-0.000181
2.256000,-0.000186
2.257000,-0.000186
2.258000,-0.000185
2.259000,-0.000171
2.260000,-0.000167
2.261000,-0.000165
2.262000,-0.000165
2.263000,-0.000160
2.264000,-0.000171
2.265000,-0.000174
2.266000,-0.000173
2.267000,-0.000168
2.268000,-0.000170
2.269000,-0.000171
2.270000,-0.000173
2.271000,-0.000176
2.272000,-0.000177
2.273000,-0.000178
2.274000,-0.000181
2.275000,-0.000178
2.276000,-0.000185
2.277000,-0.000179
2.278000,-0.000174
2.279000,-0.000175
2.280000,-0.000176
2.281000,-0.000165
2.282000,-0.000171
2.283000,-0.000168
2.284000,-0.000174
2.285000,-0.000170
2.286000,-0.000172
2.287000,-0.000163
2.288000,-0.000167
2.289000,-0.000164
2.290000,-0.000163
2.291000,-0.000161
2.292000,-0.000165
2.293000,-0.000163
2.294000,-0.000174
2.295000,-0.000170
2.296000,-0.000167
2.297000,-0.000170
2.298000,-0.000176
2.299000,-0.000172
2.300000,-0.000172
2.301000,-0.000168
2.302000,-0.000164
2.303000,-0.000163
2.304000,-0.000158
2.305000,-0.000154
2.306000,-0.000169
2.307000,-0.000163
2.308000,-0.000163
2.309000,-0.000153
2.310000,-0.000142
2.311000,-0.000139
2.312000,-0.000137
2.313000,-0.000145
2.314000,-0.000155
2.315000,-0.000151
2.316000,-0.000154
2.317000,-0.000157
2.318000,-0.000160
2.319000,-0.000163
2.320000,-0.000159
2.321000,-0.000167
2.322000,-0.000160
2.323000,-0.000161
2.324000,-0.000154
2.325000,-0.000155
2.326000,-0.000156
2.327000,-0.000155
2.328000,-0.000150
2.329000,-0.000136
2.330000,-0.000143
2.331000,-0.000143
2.332000,-0.000139
2.333000,-0.000145
2.334000,-0.000140
2.335000,-0.000150
2.336000,-0.000142
2.337000,-0.000145
2.338000,-0.000146
2.339000,-0.000140
2.340000,-0.000147
2.341000,-0.000144
2.342000,-0.000158
2.343000,-0.000158
2.344000,-0.000164
2.345000,-0.000169
2.346000,-0.000171
2.347000,-0.000158
2.348000,-0.000154
2.349000,-0.000156
2.350000,-0.000151
2.351000,-0.000146
2.352000,-0.000149
2.353000,-0.000149
2.354000,-0.000149
2.355000,-0.000159
2.356000,-0.000162
2.357000,-0.000162
2.358000,-0.000165
2.359000,-0.000160
2.360000,-0.000164
2.361000,-0.000160
2.362000,-0.000159
2.363000,-0.000138
2.364000,-0.000144
2.365000,-0.000144
2.366000,-0.000138
2.367000,-0.000139
2.368000,-0.000147
2.369000,-0.000156
2.370000,-0.000155
2.371000,-0.000155
2.372000,-0.000158
2.373000,-0.000158
2.374000,-0.000157
2.375000,-0.000159
2.376000,-0.000163
2.377000,-0.000157
2.378000,-0.000159
2.379000,-0.000161
2.380000,-0.000158
2.381000,-0.000159
2.382000,-0.000160
2.383000,-0.000144
2.384000,-0.000154
2.385000,-0.000155
2.386000,-0.000151
2.387000,-0.000155
2.388000,-0.000160
2.389000,-0.000153
2.390000,-0.000152
2.391000,-0.000145
2.392000,-0.000142
2.393000,-0.000139
2.394000,-0.000148
2.395000,-0.000135
2.396000,-0.000147
2.397000,-0.000151
2.398000,-0.000152
2.399000,-0.000155
2.400000,-0.000159
2.401000,-0.000152
2.402000,-0.000148
2.403000,-0.000144
2.404000,-0.000143
2.405000,-0.000142
2.406000,-0.000137
2.407000,-0.000146
2.408000,-0.000143
2.409000,-0.000143
2.410000,-0.000141
2.411000,-0.000133
2.412000,-0.000135
2.413000,-0.000138
2.414000,-0.000133
2.415000,-0.000152
2.416000,-0.000151
2.417000,-0.000150
2.418000,-0.000156
2.419000,-0.000163
2.420000,-0.000166
2.421000,-0.000167
2.422000,-0.000160
2.423000,-0.000159
2.424000,-0.000152
2.425000,-0.000165
2.426000,-0.000158
2.427000,-0.000156
2.428000,-0.000151
2.429000,-0.000152
2.430000,-0.000152
2.431000,-0.000151
2.432000,-0.000151
2.433000,-0.000140
2.434000,-0.000132
2.435000,-0.000137
2.436000,-0.000134
2.437000,-0.000135
2.438000,-0.000144
2.439000,-0.000143
2.440000,-0.000149
2.441000,-0.000147
2.442000,-0.000149
2.443000,-0.000146
2.444000,-0.000137
2.445000,-0.000129
2.446000,-0.000137
2.447000,-0.000144
2.448000,-0.000145
2.449000,-0.000148
2.450000,-0.000153
2.451000,-0.000155
2.452000,-0.000159
2.453000,-0.000163
2.454000,-0.000156
2.455000,-0.000148
2.456000,-0.000149
2.457000,-0.000149
2.458000,-0.000142
2.459000,-0.000147
2.460000,-0.000151
2.461000,-0.000146
2.462000,-0.000145
2.463000,-0.000140
2.464000,-0.000145
2.465000,-0.000146
2.466000,-0.000146
2.467000,-0.000148
2.468000,-0.000159
2.469000,-0.000157
2.470000,-0.000163
2.471000,-0.000163
2.472000,-0.000159
2.473000,-0.000152
2.474000,-0.000152
2.475000,-0.000148
2.476000,-0.000153
2.477000,-0.000159
2.478000,-0.000157
2.479000,-0.000152
2.480000,-0.000150
2.481000,-0.000144
2.482000,-0.000151
2.483000,-0.000159
2.484000,-0.000156
2.485000,-0.000154
2.486000,-0.000156
2.487000,-0.000154
2.488000,-0.000155
2.489000,-0.000152
2.490000,-0.000149
2.491000,-0.000156
2.492000,-0.000157
2.493000,-0.000155
2.494000,-0.000152
2.495000,-0.000150
2.496000,-0.000159
2.497000,-0.000156
2.498000,-0.000152
2.499000,-0.000148
2.500000,-0.000143
2.501000,-0.000141
2.502000,-0.000148
2.503000,-0.000146
2.504000,-0.000153
2.505000,-0.000153
2.506000,-0.000150
2.507000,-0.000148
2.508000,-0.000148
2.509000,-0.000161
2.510000,-0.000161
2.511000,-0.000160
2.512000,-0.000164
2.513000,-0.000162
2.514000,-0.000159
2.515000,-0.000160
2.516000,-0.000151
2.517000,-0.000148
2.518000,-0.000144
2.519000,-0.000147
2.520000,-0.000148
2.521000,-0.000149
2.522000,-0.000139
2.523000,-0.000147
2.524000,-0.000129
2.525000,-0.000136
2.526000,-0.000135
2.527000,-0.000139
2.528000,-0.000137
2.529000,-0.000140
2.530000,-0.000151
2.531000,-0.000145
2.532000,-0.000154
2.533000,-0.000153
2.534000,-0.000160
2.535000,-0.000154
2.536000,-0.000161
2.537000,-0.000162
2.538000,-0.000178
2.539000,-0.000150
2.540000,-0.000156
2.541000,-0.000151
2.542000,-0.000155
2.543000,-0.000149
2.544000,-0.000144
2.545000,-0.000146
2.546000,-0.000146
2.547000,-0.000149
2.548000,-0.000145
2.549000,-0.000148
2.550000,-0.000147
2.551000,-0.000138
2.552000,-0.000135
2.553000,-0.000145
2.554000,-0.000143
2.555000,-0.000143
2.556000,-0.000134
2.557000,-0.000137
2.558000,-0.000142
2.559000,-0.000144
2.560000,-0.000144
2.561000,-0.000141
2.562000,-0.000141
2.563000,-0.000143
2.564000,-0.000146
2.565000,-0.000152
2.566000,-0.000151
2.567000,-0.000156
2.568000,-0.000150
2.569000,-0.000149
2.570000,-0.000155
2.571000,-0.000158
2.572000,-0.000159
2.573000,-0.000158
2.574000,-0.000159
2.575000,-0.000160
2.576000,-0.000162
2.577000,-0.000158
2.578000,-0.000156
2.579000,-0.000154
2.580000,-0.000150
2.581000,-0.000146
2.582000,-0.000149
2.583000,-0.000147
2.584000,-0.000148
2.585000,-0.000153
2.586000,-0.000145
2.587000,-0.000147
2.588000,-0.000149
2.589000,-0.000140
2.590000,-0.000143
2.591000,-0.000136
2.592000,-0.000137
2.593000,-0.000150
2.594000,-0.000153
2.595000,-0.000146
2.596000,-0.000136
2.597000,-0.000140
2.598000,-0.000151
2.599000,-0.000149
2.600000,-0.000161
2.601000,-0.000166
2.602000,-0.000160
2.603000,-0.000172
2.604000,-0.000162
2.605000,-0.000175
2.606000,-0.000172
2.607000,-0.000178
2.608000,-0.000170
2.609000,-0.000171
2.610000,-0.000161
2.611000,-0.000158
2.612000,-0.000151
2.613000,-0.000158
2.614000,-0.000153
2.615000,-0.000159
2.616000,-0.000155
2.617000,-0.000154
2.618000,-0.000160
2.619000,-0.000158
2.620000,-0.000168
2.621000,-0.000161
2.622000,-0.000168
2.623000,-0.000162
2.624000,-0.000166
2.625000,-0.000162
2.626000,-0.000164
2.627000,-0.000157
2.628000,-0.000162
2.629000,-0.000159
2.630000,-0.000171
2.631000,-0.000162
2.632000,-0.000178
2.633000,-0.000165
2.634000,-0.000164
2.635000,-0.000161
2.636000,-0.000159
2.637000,-0.000161
2.638000,-0.000155
2.639000,-0.000153
2.640000,-0.000151
2.641000,-0.000149
2.642000,-0.000150
2.643000,-0.000153
2.644000,-0.000152
2.645000,-0.000153
2.646000,-0.000146
2.647000,-0.000145
2.648000,-0.000146
2.649000,-0.000142
2.650000,-0.000137
2.651000,-0.000146
2.652000,-0.000144
2.653000,-0.000138
2.654000,-0.000142
2.655000,-0.000145
2.656000,-0.000148
2.657000,-0.000157
2.658000,-0.000150
2.659000,-0.000151
2.660000,-0.000152
2.661000,-0.000152
2.662000,-0.000139
2.663000,-0.000144
2.664000,-0.000140
2.665000,-0.000118
2.666000,-0.000125
2.667000,-0.000111
2.668000,-0.000120
2.669000,-0.000133
2.670000,-0.000127
2.671000,-0.000131
2.672000,-0.000130
2.673000,-0.000129
2.674000,-0.000140
2.675000,-0.000130
2.676000,-0.000139
2.677000,-0.000142
2.678000,-0.000145
2.679000,-0.000149
2.680000,-0.000147
2.681000,-0.000147
2.682000,-0.000146
2.683000,-0.000151
2.684000,-0.000152
2.685000,-0.000147
2.686000,-0.000144
2.687000,-0.000160
2.688000,-0.000164
2.689000,-0.000154
2.690000,-0.000161
2.691000,-0.000157
2.692000,-0.000155
2.693000,-0.000158
2.694000,-0.000162
2.695000,-0.000162
2.696000,-0.000172
2.697000,-0.000164
2.698000,-0.000170
2.699000,-0.000167
2.700000,-0.000166
2.701000,-0.000168
2.702000,-0.000163
2.703000,-0.000163
2.704000,-0.000165
2.705000,-0.000162
2.706000,-0.000165
2.707000,-0.000162
2.708000,-0.000158
2.709000,-0.000166
2.710000,-0.000161
2.711000,-0.000171
2.712000,-0.000150
2.713000,-0.000156
2.714000,-0.000153
2.715000,-0.000145
2.716000,-0.000150
2.717000,-0.000147
2.718000,-0.000144
2.719000,-0.000148
2.720000,-0.000150
2.721000,-0.000150
2.722000,-0.000159
2.723000,-0.000162
2.724000,-0.000166
2.725000,-0.000160
2.726000,-0.000165
2.727000,-0.000161
2.728000,-0.000160
2.729000,-0.000153
2.730000,-0.000160
2.731000,-0.000157
2.732000,-0.000157
2.733000,-0.000151
2.734000,-0.000153
2.735000,-0.000148
2.736000,-0.000156
2.737000,-0.000165
2.738000,-0.000171
2.739000,-0.000173
2.740000,-0.000169
2.741000,-0.000160
2.742000,-0.000172
2.743000,-0.000165
2.744000,-0.000178
2.745000,-0.000165
2.746000,-0.000164
2.747000,-0.000165
2.748000,-0.000164
2.749000,-0.000162
2.750000,-0.000157
2.751000,-0.000158
2.752000,-0.000155
2.753000,-0.000156
2.754000,-0.000158
2.755000,-0.000158
2.756000,-0.000155
2.757000,-0.000150
2.758000,-0.000149
2.759000,-0.000143
2.760000,-0.000144
2.761000,-0.000146
2.762000,-0.000141
2.763000,-0.000137
2.764000,-0.000138
2.765000,-0.000143
2.766000,-0.000147
2.767000,-0.000149
2.768000,-0.000152
2.769000,-0.000154
2.770000,-0.000158
2.771000,-0.000152
2.772000,-0.000154
2.773000,-0.000152
2.774000,-0.000147
2.775000,-0.000153
2.776000,-0.000161
2.777000,-0.000159
2.778000,-0.000153
2.779000,-0.000148
2.780000,-0.000144
2.781000,-0.000135
2.782000,-0.000140
2.783000,-0.000132
2.784000,-0.000138
2.785000,-0.000144
2.786000,-0.000141
2.787000,-0.000143
2.788000,-0.000131
2.789000,-0.000125
2.790000,-0.000134
2.791000,-0.000136
2.792000,-0.000143
2.793000,-0.000144
2.794000,-0.000144
2.795000,-0.000147
2.796000,-0.000151
2.797000,-0.000151
2.798000,-0.000157
2.799000,-0.000162
2.800000,-0.000160
2.801000,-0.000161
2.802000,-0.000158
2.803000,-0.000169
2.804000,-0.000157
2.805000,-0.000167
2.806000,-0.000160
2.807000,-0.000162
2.808000,-0.000164
2.809000,-0.000166
2.810000,-0.000162
2.811000,-0.000171
2.812000,-0.000164
2.813000,-0.000163
2.814000,-0.000160
2.815000,-0.000158
2.816000,-0.000145
2.817000,-0.000139
2.818000,-0.000131
2.819000,-0.000128
2.820000,-0.000124
2.821000,-0.000130
2.822000,-0.000129
2.823000,-0.000135
2.824000,-0.000139
2.825000,-0.000146
2.826000,-0.000145
2.827000,-0.000149
2.828000,-0.000151
2.829000,-0.000145
2.830000,-0.000153
2.831000,-0.000147
2.832000,-0.000147
2.833000,-0.000157
2.834000,-0.000147
2.835000,-0.000147
2.836000,-0.000146
2.837000,-0.000138
2.838000,-0.000144
2.839000,-0.000141
2.840000,-0.000142
2.841000,-0.000144
2.842000,-0.000141
2.843000,-0.000145
2.844000,-0.000159
2.845000,-0.000165
2.846000,-0.000169
2.847000,-0.000166
2.848000,-0.000165
2.849000,-0.000164
2.850000,-0.000150
2.851000,-0.000148
2.852000,-0.000144
2.853000,-0.000142
2.854000,-0.000135
2.855000,-0.000139
2.856000,-0.000133
2.857000,-0.000142
2.858000,-0.000153
2.859000,-0.000142
2.860000,-0.000117
2.861000,-0.000130
2.862000,-0.000132
2.863000,-0.000135
2.864000,-0.000136
2.865000,-0.000136
2.866000,-0.000139
2.867000,-0.000141
2.868000,-0.000133
