Time (s),AIN0,AIN1
0.0,0.09109723567962646,0.09110356122255325
0.001,0.09110989421606064,0.09110672771930695
0.002,0.09110672771930695,0.09110040217638016
0.003,0.09110672771930695,0.09110040217638016
0.004,0.09110672771930695,0.09110356122255325
0.005,0.09110356122255325,0.09110040217638016
0.006,0.09110356122255325,0.09110040217638016
0.007,0.09110989421606064,0.09110356122255325
0.008,0.09110356122255325,0.09110356122255325
0.009,0.09110356122255325,0.09109407663345337
0.01,0.09110356122255325,0.09109407663345337
0.011,0.09110356122255325,0.09110040217638016
0.012,0.09110356122255325,0.09110040217638016
0.013,0.09110356122255325,0.09109723567962646
0.014,0.09110040217638016,0.09110356122255325
0.015,0.09110356122255325,0.09110356122255325
0.016,0.09110356122255325,0.09109723567962646
0.017,0.09110040217638016,0.09109723567962646
0.018,0.09110356122255325,0.09109723567962646
0.019,0.09110672771930695,0.09110040217638016
0.02,0.09110672771930695,0.09109407663345337
0.021,0.09110040217638016,0.09110356122255325
0.022,0.09110356122255325,0.09110040217638016
0.023,0.09110356122255325,0.09109407663345337
0.024,0.09110356122255325,0.09109723567962646
0.025,0.0912332683801651,0.091230109333992
0.026,0.09142308682203293,0.09141359478235245
0.027,0.09152115881443024,0.09151482582092285
0.028,0.09158442914485931,0.09157810360193253
0.029,0.09162555634975433,0.09162238985300064
0.03,0.09165402501821518,0.09166035056114197
0.031,0.09167933464050293,0.09167933464050293
0.032,0.09170147776603699,0.0916919857263565
0.033,0.09171096980571747,0.09170147776603699
0.034,0.09172046184539795,0.09171413630247116
0.035,0.09172362089157104,0.09172362089157104
0.036,0.09172995388507843,0.09172678738832474
0.037,0.09172995388507843,0.09172995388507843
0.038,0.09173627942800522,0.09172995388507843
0.039,0.09173627942800522,0.09173627942800522
0.04,0.09173943847417831,0.09173627942800522
0.041,0.091742604970932,0.091742604970932
0.042,0.0917457714676857,0.09173943847417831
0.043,0.09175209701061249,0.0917489305138588
0.044,0.0917489305138588,0.091742604970932
0.045,0.0917489305138588,0.0917457714676857
0.046,0.09175209701061249,0.09175209701061249
0.047,0.09175526350736618,0.0917489305138588
0.048,0.09175526350736618,0.0917489305138588
0.049,0.09175526350736618,0.0917489305138588
0.05,0.09175526350736618,0.0917489305138588
0.051,0.09175526350736618,0.0917489305138588
0.052,0.09175209701061249,0.09175209701061249
0.053,0.09175526350736618,0.09175209701061249
0.054,0.09175842255353928,0.0917489305138588
0.055,0.09175526350736618,0.09175209701061249
0.056,0.09175526350736618,0.09175526350736618
0.057,0.09175842255353928,0.09175209701061249
0.058,0.09176158905029297,0.09175526350736618
0.059,0.09175209701061249,0.09175209701061249
0.06,0.09175842255353928,0.09175209701061249
0.061,0.09175842255353928,0.09175842255353928
0.062,0.09175526350736618,0.0917489305138588
0.063,0.09175842255353928,0.09175209701061249
0.064,0.09175842255353928,0.09175209701061249
0.065,0.09175842255353928,0.09175842255353928
0.066,0.09175842255353928,0.09175526350736618
0.067,0.09168882668018341,0.09168566018342972
0.068,0.09163504093885422,0.09162871539592743
0.069,0.09159708023071289,0.09160024672746658
0.07,0.09158126264810562,0.09158442914485931
0.071,0.09157493710517883,0.09156544506549835
0.072,0.09155911952257156,0.09155279397964478
0.073,0.09154646098613739,0.09154962748289108
0.074,0.09154646098613739,0.09154646098613739
0.075,0.09148003160953522,0.09147686511278152
0.076,0.09134399890899658,0.09134399890899658
0.077,0.09127439558506012,0.09126807004213333
0.078,0.09122694283723831,0.091230109333992
0.079,0.09120479971170425,0.09119847416877747
0.08,0.0911794900894165,0.09117632359266281
0.081,0.09116367250680923,0.09116367250680923
0.082,0.09115734696388245,0.09115102142095566
0.083,0.09114785492420197,0.09114152938127518
0.084,0.09113520383834839,0.09113836288452148
0.085,0.09113836288452148,0.0911320373415947
0.086,0.091128870844841,0.091128870844841
0.087,0.0911320373415947,0.091128870844841
0.088,0.091128870844841,0.09112254530191422
0.089,0.09113520383834839,0.0911320373415947
0.09,0.091128870844841,0.09112254530191422
0.091,0.091128870844841,0.09111938625574112
0.092,0.09112254530191422,0.09112254530191422
0.093,0.09112254530191422,0.09111938625574112
0.094,0.09111621975898743,0.09112254530191422
0.095,0.09111938625574112,0.09111621975898743
0.096,0.09112254530191422,0.09111621975898743
0.097,0.09112254530191422,0.09111938625574112
0.098,0.09111938625574112,0.09111621975898743
0.099,0.09112254530191422,0.09111621975898743
0.1,0.09111621975898743,0.09111305326223373
0.101,0.09112254530191422,0.09111938625574112
0.102,0.09111621975898743,0.09112254530191422
0.103,0.09111938625574112,0.09111621975898743
0.104,0.09111621975898743,0.09111621975898743
0.105,0.09111621975898743,0.09111621975898743
0.106,0.09111938625574112,0.09111621975898743
0.107,0.09112254530191422,0.09111621975898743
0.108,0.09111938625574112,0.09111621975898743
0.109,0.09118581563234329,0.09118898212909698
0.11,0.09124276041984558,0.09123960137367249
0.111,0.09127439558506012,0.09127123653888702
0.112,0.09129021316766739,0.09129021316766739
0.113,0.09130603075027466,0.09130287170410156
0.114,0.09132184833288193,0.09131236374378204
0.115,0.09132501482963562,0.09131868928670883
0.116,0.09132501482963562,0.09132818132638931
0.117,0.09133134037256241,0.09133134037256241
0.118,0.0913345068693161,0.09132818132638931
0.119,0.0913376659154892,0.09133134037256241
0.12,0.0913376659154892,0.0913345068693161
0.121,0.09134399890899658,0.09133134037256241
0.122,0.09134083241224289,0.0913345068693161
0.123,0.09134399890899658,0.0913376659154892
0.124,0.09134083241224289,0.0913345068693161
0.125,0.09139777719974518,0.09140094369649887
0.126,0.09153380990028381,0.09153064340353012
0.127,0.09160657227039337,0.09160340577363968
0.128,0.0916445329785347,0.09164769947528839
0.129,0.09167933464050293,0.09167300909757614
0.13,0.09169831871986389,0.0916951522231102
0.131,0.09172362089157104,0.09171096980571747
0.132,0.09172678738832474,0.09172046184539795
0.133,0.09173943847417831,0.09173311293125153
0.134,0.091742604970932,0.09173627942800522
0.135,0.0917489305138588,0.091742604970932
0.136,0.0917489305138588,0.091742604970932
0.137,0.09175526350736618,0.0917489305138588
0.138,0.09175526350736618,0.0917457714676857
0.139,0.09175842255353928,0.0917489305138588
0.14,0.09175842255353928,0.09175209701061249
0.141,0.09175842255353928,0.09175209701061249
0.142,0.09176158905029297,0.09175526350736618
0.143,0.09175526350736618,0.09175842255353928
0.144,0.09176158905029297,0.09175842255353928
0.145,0.09176158905029297,0.09175526350736618
0.146,0.09175842255353928,0.09175842255353928
0.147,0.09176791459321976,0.09175842255353928
0.148,0.09175842255353928,0.09175842255353928
0.149,0.09176158905029297,0.09175842255353928
0.15,0.09176158905029297,0.09175842255353928
0.151,0.0916919857263565,0.09168566018342972
0.152,0.09163188189268112,0.09163504093885422
0.153,0.09160340577363968,0.09160657227039337
0.154,0.09158442914485931,0.09158442914485931
0.155,0.09157177060842514,0.09157177060842514
0.156,0.09155911952257156,0.09156227856874466
0.157,0.09155595302581787,0.09154962748289108
0.158,0.09154646098613739,0.09154646098613739
0.159,0.09154962748289108,0.0915433019399643
0.16,0.0915433019399643,0.0915433019399643
0.161,0.0915433019399643,0.09153380990028381
0.162,0.0915401354432106,0.0915369763970375
0.163,0.0915401354432106,0.0915401354432106
0.164,0.0915433019399643,0.09153380990028381
0.165,0.0915369763970375,0.0915369763970375
0.166,0.0915369763970375,0.0915369763970375
0.167,0.0915401354432106,0.09153380990028381
0.168,0.0915401354432106,0.09153380990028381
0.169,0.0915433019399643,0.09153380990028381
0.17,0.09153380990028381,0.0915369763970375
0.171,0.0915369763970375,0.0915369763970375
0.172,0.0915369763970375,0.0915369763970375
0.173,0.0915401354432106,0.09153380990028381
0.174,0.0915401354432106,0.09153064340353012
0.175,0.09147686511278152,0.09147053956985474
0.176,0.09134715795516968,0.0913376659154892
0.177,0.09127439558506012,0.09127123653888702
0.178,0.0912332683801651,0.09122694283723831
0.179,0.09120796620845795,0.09119530767202377
0.18,0.0911794900894165,0.0911794900894165
0.181,0.09116683900356293,0.09116050601005554
0.182,0.09115734696388245,0.09115418046712875
0.183,0.09114468842744827,0.09114468842744827
0.184,0.09115418046712875,0.09114785492420197
0.185,0.09114152938127518,0.09114152938127518
0.186,0.09113520383834839,0.09113836288452148
0.187,0.0911320373415947,0.09113520383834839
0.188,0.09113520383834839,0.091128870844841
0.189,0.091128870844841,0.091128870844841
0.19,0.091128870844841,0.09112254530191422
0.191,0.09112254530191422,0.091128870844841
0.192,0.09112571179866791,0.09112254530191422
0.193,0.09112571179866791,0.09111938625574112
0.194,0.091128870844841,0.09112571179866791
0.195,0.09112254530191422,0.09111938625574112
0.196,0.091128870844841,0.09112254530191422
0.197,0.09112254530191422,0.09111621975898743
0.198,0.09112571179866791,0.09111938625574112
0.199,0.09112571179866791,0.09111938625574112
0.2,0.09112254530191422,0.09111938625574112
0.201,0.091128870844841,0.09111938625574112
0.202,0.09111938625574112,0.09111938625574112
0.203,0.09112254530191422,0.09112571179866791
0.204,0.09112571179866791,0.09111621975898743
0.205,0.09112254530191422,0.09112254530191422
0.206,0.091128870844841,0.09111938625574112
0.207,0.09112571179866791,0.09111938625574112
0.208,0.09111938625574112,0.09111938625574112
0.209,0.09112254530191422,0.09112254530191422
0.21,0.09112571179866791,0.09111938625574112
0.211,0.09112571179866791,0.09111938625574112
0.212,0.09111938625574112,0.09111938625574112
0.213,0.09112571179866791,0.09111621975898743
0.214,0.09112254530191422,0.09112254530191422
0.215,0.09112254530191422,0.09111621975898743
0.216,0.09111938625574112,0.09112254530191422
0.217,0.09112254530191422,0.09111621975898743
0.218,0.09111938625574112,0.09111621975898743
0.219,0.09112254530191422,0.09111938625574112
0.22,0.09111621975898743,0.09111938625574112
0.221,0.09111938625574112,0.09111621975898743
0.222,0.09111938625574112,0.09111621975898743
0.223,0.09112254530191422,0.09111621975898743
0.224,0.09112254530191422,0.09111305326223373
0.225,0.0911826565861702,0.0911794900894165
0.226,0.09131868928670883,0.09131236374378204
0.227,0.0913851261138916,0.0913851261138916
0.228,0.09142624586820602,0.09142624586820602
0.229,0.09145788103342056,0.09145155549049377
0.23,0.09148003160953522,0.09147369861602783
0.231,0.0914895236492157,0.0914895236492157
0.232,0.09150534123182297,0.09149900823831558
0.233,0.09151482582092285,0.09151166677474976
0.234,0.09152115881443024,0.09151482582092285
0.235,0.09152115881443024,0.09152115881443024
0.236,0.09152748435735703,0.09152115881443024
0.237,0.09153064340353012,0.09152431786060333
0.238,0.09152748435735703,0.09152431786060333
0.239,0.09153380990028381,0.09152748435735703
0.24,0.09153064340353012,0.09152748435735703
0.241,0.09153064340353012,0.09152431786060333
0.242,0.0915369763970375,0.09153064340353012
0.243,0.09153064340353012,0.09152115881443024
0.244,0.09153064340353012,0.09153064340353012
0.245,0.09153064340353012,0.09153064340353012
0.246,0.09153380990028381,0.09152748435735703
0.247,0.09153380990028381,0.09152748435735703
0.248,0.0915401354432106,0.09152748435735703
0.249,0.0915369763970375,0.09153380990028381
0.25,0.0915369763970375,0.09153064340353012
0.251,0.0915369763970375,0.09153380990028381
0.252,0.0915369763970375,0.09153064340353012
0.253,0.09153064340353012,0.09153064340353012
0.254,0.09153380990028381,0.09153064340353012
0.255,0.0915369763970375,0.09152748435735703
0.256,0.09158126264810562,0.09157493710517883
0.257,0.09155279397964478,0.09154962748289108
0.258,0.09154646098613739,0.0915401354432106
0.259,0.0915401354432106,0.0915401354432106
0.26,0.0915401354432106,0.09153380990028381
0.261,0.09153064340353012,0.09153380990028381
0.262,0.0915369763970375,0.09153064340353012
0.263,0.0915369763970375,0.09152748435735703
0.264,0.09153064340353012,0.09152748435735703
0.265,0.09153380990028381,0.09153064340353012
0.266,0.09153380990028381,0.09153064340353012
0.267,0.09153064340353012,0.09152748435735703
0.268,0.09153064340353012,0.09153064340353012
0.269,0.09153064340353012,0.09152748435735703
0.27,0.09153064340353012,0.09152748435735703
0.271,0.09153064340353012,0.09152748435735703
0.272,0.09153380990028381,0.09152748435735703
0.273,0.09153064340353012,0.09153064340353012
0.274,0.09153064340353012,0.09153064340353012
0.275,0.09147053956985474,0.09147053956985474
0.276,0.09133134037256241,0.09133134037256241
0.277,0.09126490354537964,0.09126174449920654
0.278,0.09122378379106522,0.09122378379106522
0.279,0.09120479971170425,0.09120163321495056
0.28,0.0911794900894165,0.09117316454648972
0.281,0.09116050601005554,0.09116050601005554
0.282,0.09114785492420197,0.09115102142095566
0.283,0.09114152938127518,0.09114152938127518
0.284,0.09114152938127518,0.091128870844841
0.285,0.09113520383834839,0.091128870844841
0.286,0.091128870844841,0.09112571179866791
0.287,0.09112571179866791,0.09112571179866791
0.288,0.09112254530191422,0.09112254530191422
0.289,0.09112254530191422,0.09111621975898743
0.29,0.09112254530191422,0.09111621975898743
0.291,0.09112254530191422,0.09111305326223373
0.292,0.09112254530191422,0.09111621975898743
0.293,0.09111305326223373,0.09111305326223373
0.294,0.09111938625574112,0.09110989421606064
0.295,0.09111938625574112,0.09111938625574112
0.296,0.09111938625574112,0.09110989421606064
0.297,0.09111621975898743,0.09111621975898743
0.298,0.09111938625574112,0.09111305326223373
0.299,0.09111938625574112,0.09111621975898743
0.3,0.09111621975898743,0.09111305326223373
0.301,0.09111938625574112,0.09110989421606064
0.302,0.09111621975898743,0.09110989421606064
0.303,0.09111621975898743,0.09111305326223373
0.304,0.09111621975898743,0.09111305326223373
0.305,0.09111621975898743,0.09110989421606064
0.306,0.09111305326223373,0.09111621975898743
0.307,0.09111621975898743,0.09111305326223373
0.308,0.09111305326223373,0.09110989421606064
0.309,0.09111621975898743,0.09110989421606064
0.31,0.09111621975898743,0.09110989421606064
0.311,0.09110989421606064,0.09110989421606064
0.312,0.09111938625574112,0.09111305326223373
0.313,0.09111621975898743,0.09111305326223373
0.314,0.09111938625574112,0.09111621975898743
0.315,0.09112254530191422,0.09111938625574112
0.316,0.09111621975898743,0.09111938625574112
0.317,0.09111621975898743,0.09111621975898743
0.318,0.09112254530191422,0.09111621975898743
0.319,0.09112571179866791,0.09111938625574112
0.32,0.09111938625574112,0.09111938625574112
0.321,0.09111621975898743,0.09111938625574112
0.322,0.09112254530191422,0.09111621975898743
0.323,0.09112254530191422,0.09111621975898743
0.324,0.09112254530191422,0.09111621975898743
0.325,0.0911794900894165,0.0911794900894165
0.326,0.09131236374378204,0.09131236374378204
0.327,0.09138195961713791,0.09138195961713791
0.328,0.09142941236495972,0.09142308682203293
0.329,0.09145472198724747,0.09145472198724747
0.33,0.09148003160953522,0.09147686511278152
0.331,0.0914926826953888,0.0914895236492157
0.332,0.09150217473506927,0.09150217473506927
0.333,0.09150850027799606,0.09150850027799606
0.334,0.09151799231767654,0.09151166677474976
0.335,0.09152115881443024,0.09151799231767654
0.336,0.09152115881443024,0.09152115881443024
0.337,0.09152431786060333,0.09152431786060333
0.338,0.09152748435735703,0.09152431786060333
0.339,0.09153064340353012,0.09152431786060333
0.34,0.09153064340353012,0.09152748435735703
0.341,0.09153064340353012,0.09153064340353012
0.342,0.0915369763970375,0.09153380990028381
0.343,0.09153064340353012,0.09152748435735703
0.344,0.09153380990028381,0.09153064340353012
0.345,0.09153380990028381,0.09153064340353012
0.346,0.0915369763970375,0.09153380990028381
0.347,0.0915369763970375,0.09153380990028381
0.348,0.09153380990028381,0.09153064340353012
0.349,0.09153380990028381,0.09153380990028381
0.35,0.0915369763970375,0.09153064340353012
0.351,0.0915369763970375,0.0915369763970375
0.352,0.0915369763970375,0.09153380990028381
0.353,0.09160657227039337,0.09160657227039337
0.354,0.09166668355464935,0.09166035056114197
0.355,0.0916919857263565,0.0916919857263565
0.356,0.09171729534864426,0.09170464426279068
0.357,0.09173311293125153,0.09172362089157104
0.358,0.09173627942800522,0.09173311293125153
0.359,0.091742604970932,0.09173943847417831
0.36,0.0917489305138588,0.091742604970932
0.361,0.09175209701061249,0.09175209701061249
0.362,0.09175526350736618,0.09175209701061249
0.363,0.09175526350736618,0.0917489305138588
0.364,0.09176158905029297,0.09175842255353928
0.365,0.09175842255353928,0.09175526350736618
0.366,0.09176474809646606,0.09176158905029297
0.367,0.09176474809646606,0.09175526350736618
0.368,0.09176158905029297,0.09175842255353928
0.369,0.09176474809646606,0.09175842255353928
0.37,0.09176791459321976,0.09176474809646606
0.371,0.09176474809646606,0.09176158905029297
0.372,0.09177108108997345,0.09175842255353928
0.373,0.09176158905029297,0.09175526350736618
0.374,0.09176158905029297,0.09176474809646606
0.375,0.09171413630247116,0.09171096980571747
0.376,0.09157177060842514,0.09157810360193253
0.377,0.09150217473506927,0.09150217473506927
0.378,0.09146104753017426,0.09145472198724747
0.379,0.09143257886171341,0.09142624586820602
0.38,0.09141042828559875,0.09140726923942566
0.381,0.09139777719974518,0.0913882851600647
0.382,0.09138195961713791,0.09138195961713791
0.383,0.09137563407421112,0.09137246757745743
0.384,0.09137563407421112,0.09136614203453064
0.385,0.09136930108070374,0.09136614203453064
0.386,0.09136297553777695,0.09135981649160385
0.387,0.09135981649160385,0.09135664999485016
0.388,0.09135664999485016,0.09135664999485016
0.389,0.09135664999485016,0.09135664999485016
0.39,0.09135348349809647,0.09135348349809647
0.391,0.09135981649160385,0.09135348349809647
0.392,0.09135664999485016,0.09135032445192337
0.393,0.09135348349809647,0.09135032445192337
0.394,0.09135664999485016,0.09135348349809647
0.395,0.0912870541214943,0.09127756208181381
0.396,0.09123643487691879,0.091230109333992
0.397,0.09119847416877747,0.09119214117527008
0.398,0.09117632359266281,0.09117316454648972
0.399,0.09116683900356293,0.09116050601005554
0.4,0.09115102142095566,0.09115102142095566
0.401,0.09114785492420197,0.09114468842744827
0.402,0.09114152938127518,0.09113836288452148
0.403,0.09113836288452148,0.09113520383834839
0.404,0.09113520383834839,0.0911320373415947
0.405,0.09113520383834839,0.09113520383834839
0.406,0.0911320373415947,0.0911320373415947
0.407,0.09113520383834839,0.09112571179866791
0.408,0.0911320373415947,0.09112571179866791
0.409,0.091128870844841,0.091128870844841
0.41,0.091128870844841,0.09112571179866791
0.411,0.09112254530191422,0.09112571179866791
0.412,0.091128870844841,0.09112254530191422
0.413,0.09112571179866791,0.091128870844841
0.414,0.091128870844841,0.09112571179866791
0.415,0.09112571179866791,0.09112254530191422
0.416,0.09112571179866791,0.09111938625574112
0.417,0.09112571179866791,0.09112254530191422
0.418,0.09112571179866791,0.09111938625574112
0.419,0.091128870844841,0.09112571179866791
0.42,0.09112571179866791,0.09112254530191422
0.421,0.09112254530191422,0.09112254530191422
0.422,0.091128870844841,0.09112254530191422
0.423,0.09112571179866791,0.09111938625574112
0.424,0.09112254530191422,0.09111938625574112
0.425,0.09118898212909698,0.0911826565861702
0.426,0.09131868928670883,0.09131552278995514
0.427,0.0913882851600647,0.0913882851600647
0.428,0.09143257886171341,0.09142308682203293
0.429,0.09146104753017426,0.09146104753017426
0.43,0.09147686511278152,0.09147686511278152
0.431,0.0914926826953888,0.09149584919214249
0.432,0.09150217473506927,0.09150534123182297
0.433,0.09151166677474976,0.09150850027799606
0.434,0.09152431786060333,0.09151482582092285
0.435,0.09152748435735703,0.09152431786060333
0.436,0.09152748435735703,0.09152431786060333
0.437,0.09160024672746658,0.09159708023071289
0.438,0.09158758819103241,0.09158126264810562
0.439,0.09156544506549835,0.09155911952257156
0.44,0.09155911952257156,0.09154962748289108
0.441,0.09155279397964478,0.09154962748289108
0.442,0.0915433019399643,0.0915433019399643
0.443,0.0915433019399643,0.0915401354432106
0.444,0.0915433019399643,0.0915369763970375
0.445,0.0915433019399643,0.0915369763970375
0.446,0.0915401354432106,0.0915433019399643
0.447,0.0915433019399643,0.0915401354432106
0.448,0.0915401354432106,0.09153380990028381
0.449,0.0915369763970375,0.09153380990028381
0.45,0.0915401354432106,0.0915369763970375
0.451,0.0915401354432106,0.0915369763970375
0.452,0.0915401354432106,0.09153380990028381
0.453,0.0915401354432106,0.09153380990028381
0.454,0.0915369763970375,0.09153064340353012
0.455,0.0915433019399643,0.0915369763970375
0.456,0.0915369763970375,0.0915369763970375
0.457,0.0915433019399643,0.0915369763970375
0.458,0.0915369763970375,0.0915369763970375
0.459,0.0915433019399643,0.09153380990028381
0.46,0.0915401354432106,0.09153380990028381
0.461,0.0915369763970375,0.0915401354432106
0.462,0.0915401354432106,0.0915369763970375
0.463,0.0915401354432106,0.0915401354432106
0.464,0.0915401354432106,0.0915401354432106
0.465,0.0915369763970375,0.0915401354432106
0.466,0.0915401354432106,0.0915369763970375
0.467,0.0915369763970375,0.0915401354432106
0.468,0.0915401354432106,0.0915369763970375
0.469,0.0915401354432106,0.0915401354432106
0.47,0.0915433019399643,0.0915401354432106
0.471,0.0915401354432106,0.09153380990028381
0.472,0.09154646098613739,0.09153380990028381
0.473,0.09154646098613739,0.09154646098613739
0.474,0.09154646098613739,0.0915401354432106
0.475,0.09148319065570831,0.09147686511278152
0.476,0.09134715795516968,0.09134715795516968
0.477,0.09127756208181381,0.09127123653888702
0.478,0.09123643487691879,0.09122694283723831
0.479,0.09120479971170425,0.09120163321495056
0.48,0.09118581563234329,0.0911826565861702
0.481,0.09116999804973602,0.09116999804973602
0.482,0.09115418046712875,0.09115734696388245
0.483,0.09115418046712875,0.09114785492420197
0.484,0.09114152938127518,0.09114468842744827
0.485,0.09114152938127518,0.09114152938127518
0.486,0.09114152938127518,0.09113520383834839
0.487,0.09114152938127518,0.091128870844841
0.488,0.09113520383834839,0.091128870844841
0.489,0.09113520383834839,0.091128870844841
0.49,0.091128870844841,0.091128870844841
0.491,0.091128870844841,0.091128870844841
0.492,0.0911320373415947,0.09112254530191422
0.493,0.091128870844841,0.09112254530191422
0.494,0.091128870844841,0.09112254530191422
0.495,0.091128870844841,0.091128870844841
0.496,0.091128870844841,0.09112254530191422
0.497,0.091128870844841,0.09112254530191422
0.498,0.09112571179866791,0.09112571179866791
0.499,0.091128870844841,0.09112254530191422
0.5,0.091128870844841,0.09112254530191422
0.501,0.091128870844841,0.09112571179866791
0.502,0.09112571179866791,0.09112254530191422
0.503,0.091128870844841,0.09112254530191422
0.504,0.091128870844841,0.09112254530191422
0.505,0.09112571179866791,0.09112254530191422
0.506,0.09112571179866791,0.091128870844841
0.507,0.091128870844841,0.09111938625574112
0.508,0.09112571179866791,0.09112254530191422
0.509,0.09112571179866791,0.09112254530191422
0.51,0.09112254530191422,0.09112254530191422
0.511,0.09112571179866791,0.09111938625574112
0.512,0.09116367250680923,0.09116050601005554
0.513,0.09114468842744827,0.09113836288452148
0.514,0.091128870844841,0.091128870844841
0.515,0.0911320373415947,0.09112254530191422
0.516,0.09112254530191422,0.09112254530191422
0.517,0.09111938625574112,0.09111938625574112
0.518,0.09112254530191422,0.09111621975898743
0.519,0.09111938625574112,0.09111621975898743
0.52,0.09111621975898743,0.09110989421606064
0.521,0.09112254530191422,0.09110989421606064
0.522,0.09111621975898743,0.09111305326223373
0.523,0.09111305326223373,0.09110672771930695
0.524,0.09111938625574112,0.09111305326223373
0.525,0.09117316454648972,0.0911794900894165
0.526,0.09130919724702835,0.09130287170410156
0.527,0.09138195961713791,0.09137563407421112
0.528,0.09142308682203293,0.09141992032527924
0.529,0.09145155549049377,0.09145155549049377
0.53,0.09147053956985474,0.09146421402692795
0.531,0.09148319065570831,0.09148319065570831
0.532,0.09149584919214249,0.0914926826953888
0.533,0.09150534123182297,0.09150534123182297
0.534,0.09150850027799606,0.09150850027799606
0.535,0.09151166677474976,0.09151482582092285
0.536,0.09151799231767654,0.09151482582092285
0.537,0.09152115881443024,0.09151799231767654
0.538,0.09152115881443024,0.09152115881443024
0.539,0.09152115881443024,0.09152431786060333
0.54,0.09152115881443024,0.09152115881443024
0.541,0.09152748435735703,0.09152115881443024
0.542,0.09152431786060333,0.09152431786060333
0.543,0.09152748435735703,0.09152115881443024
0.544,0.09152748435735703,0.09152748435735703
0.545,0.09152748435735703,0.09152431786060333
0.546,0.09153064340353012,0.09152431786060333
0.547,0.09152748435735703,0.09152431786060333
0.548,0.09152748435735703,0.09152431786060333
0.549,0.09153064340353012,0.09152115881443024
0.55,0.09152748435735703,0.09152115881443024
0.551,0.09153064340353012,0.09152748435735703
0.552,0.09152748435735703,0.09152431786060333
0.553,0.09153064340353012,0.09152748435735703
0.554,0.09153064340353012,0.09152431786060333
0.555,0.09152748435735703,0.09152748435735703
0.556,0.09153380990028381,0.09152748435735703
0.557,0.09153064340353012,0.09153064340353012
0.558,0.09153380990028381,0.09152748435735703
0.559,0.09153064340353012,0.09152431786060333
0.56,0.09152748435735703,0.09152748435735703
0.561,0.09153064340353012,0.09152748435735703
0.562,0.09152748435735703,0.09152431786060333
0.563,0.09153380990028381,0.09152748435735703
0.564,0.09153380990028381,0.09153064340353012
0.565,0.09153380990028381,0.09153064340353012
0.566,0.09153380990028381,0.09153380990028381
0.567,0.0915401354432106,0.09153064340353012
0.568,0.0915433019399643,0.0915401354432106
0.569,0.0915433019399643,0.0915369763970375
0.57,0.0915401354432106,0.09153380990028381
0.571,0.0915369763970375,0.0915369763970375
0.572,0.0915401354432106,0.09153380990028381
0.573,0.0915401354432106,0.09153064340353012
0.574,0.0915369763970375,0.0915401354432106
0.575,0.09147686511278152,0.09147686511278152
0.576,0.09134399890899658,0.09134399890899658
0.577,0.09127756208181381,0.09127123653888702
0.578,0.091230109333992,0.09122378379106522
0.579,0.09120479971170425,0.09120163321495056
0.58,0.0911826565861702,0.09117632359266281
0.581,0.09116999804973602,0.09116367250680923
0.582,0.09115734696388245,0.09115418046712875
0.583,0.09115102142095566,0.09114785492420197
0.584,0.09114152938127518,0.09113520383834839
0.585,0.09114152938127518,0.09113520383834839
0.586,0.09114152938127518,0.09113520383834839
0.587,0.0911320373415947,0.0911320373415947
0.588,0.0911320373415947,0.091128870844841
0.589,0.0911320373415947,0.09112571179866791
0.59,0.0911320373415947,0.09112571179866791
0.591,0.09112254530191422,0.09112571179866791
0.592,0.091128870844841,0.09112254530191422
0.593,0.091128870844841,0.09112254530191422
0.594,0.09112254530191422,0.09111938625574112
0.595,0.09112571179866791,0.09111938625574112
0.596,0.09112254530191422,0.09111938625574112
0.597,0.09112254530191422,0.09111938625574112
0.598,0.09112571179866791,0.09112254530191422
0.599,0.09112571179866791,0.09112254530191422
0.6,0.091128870844841,0.09112571179866791
0.601,0.09112571179866791,0.09111938625574112
0.602,0.09112571179866791,0.091128870844841
0.603,0.09112254530191422,0.09112254530191422
0.604,0.09112571179866791,0.09112254530191422
0.605,0.09119847416877747,0.09119214117527008
0.606,0.09125225245952606,0.09124276041984558
0.607,0.09128072112798691,0.09127439558506012
0.608,0.09129654616117477,0.09129970520734787
0.609,0.09131552278995514,0.09130603075027466
0.61,0.09132184833288193,0.09131868928670883
0.611,0.09133134037256241,0.09132501482963562
0.612,0.0913345068693161,0.09132818132638931
0.613,0.0913376659154892,0.0913345068693161
0.614,0.09134083241224289,0.0913376659154892
0.615,0.09134083241224289,0.0913345068693161
0.616,0.09134083241224289,0.09134083241224289
0.617,0.09134399890899658,0.09134083241224289
0.618,0.09134399890899658,0.09134399890899658
0.619,0.09134399890899658,0.09134399890899658
0.62,0.09134399890899658,0.09134083241224289
0.621,0.09134399890899658,0.09134399890899658
0.622,0.09134715795516968,0.09134083241224289
0.623,0.09134399890899658,0.09134399890899658
0.624,0.09135348349809647,0.09134715795516968
0.625,0.09140410274267197,0.09141042828559875
0.626,0.0915401354432106,0.0915401354432106
0.627,0.09161606431007385,0.09160657227039337
0.628,0.09165402501821518,0.09165402501821518
0.629,0.09168882668018341,0.09168566018342972
0.63,0.09171096980571747,0.09170464426279068
0.631,0.09172046184539795,0.09171413630247116
0.632,0.09173311293125153,0.09172995388507843
0.633,0.09173627942800522,0.09173627942800522
0.634,0.0917489305138588,0.0917457714676857
0.635,0.09175209701061249,0.0917489305138588
0.636,0.09175842255353928,0.0917489305138588
0.637,0.09176158905029297,0.09175526350736618
0.638,0.09175842255353928,0.09175209701061249
0.639,0.09176474809646606,0.09175842255353928
0.64,0.09176158905029297,0.09176158905029297
0.641,0.09175842255353928,0.09176158905029297
0.642,0.09176158905029297,0.09175842255353928
0.643,0.09176158905029297,0.09176158905029297
0.644,0.09176791459321976,0.09176158905029297
0.645,0.09176474809646606,0.09176474809646606
0.646,0.09176791459321976,0.09176474809646606
0.647,0.0916919857263565,0.09168882668018341
0.648,0.09163504093885422,0.09163820743560791
0.649,0.09160657227039337,0.09160973876714706
0.65,0.0915939211845398,0.09158758819103241
0.651,0.09157177060842514,0.09157177060842514
0.652,0.09156544506549835,0.09156544506549835
0.653,0.09155911952257156,0.09155595302581787
0.654,0.09155595302581787,0.09154962748289108
0.655,0.09155279397964478,0.09154962748289108
0.656,0.09154962748289108,0.09154962748289108
0.657,0.09154646098613739,0.0915401354432106
0.658,0.09154646098613739,0.0915401354432106
0.659,0.09154646098613739,0.09154646098613739
0.66,0.09154646098613739,0.0915401354432106
0.661,0.09154646098613739,0.0915401354432106
0.662,0.0915369763970375,0.0915401354432106
0.663,0.09154962748289108,0.09154646098613739
0.664,0.09154646098613739,0.0915433019399643
0.665,0.0915433019399643,0.0915401354432106
0.666,0.09154646098613739,0.0915401354432106
0.667,0.0915433019399643,0.0915401354432106
0.668,0.0915401354432106,0.0915401354432106
0.669,0.09154646098613739,0.0915401354432106
0.67,0.0915369763970375,0.0915401354432106
0.671,0.0915433019399643,0.0915369763970375
0.672,0.0915401354432106,0.0915401354432106
0.673,0.0915433019399643,0.09153380990028381
0.674,0.0915401354432106,0.0915369763970375
0.675,0.09148319065570831,0.09147053956985474
0.676,0.09134715795516968,0.09134083241224289
0.677,0.09127756208181381,0.09127439558506012
0.678,0.09123643487691879,0.091230109333992
0.679,0.09120796620845795,0.09120163321495056
0.68,0.0911794900894165,0.0911826565861702
0.681,0.09116999804973602,0.09116683900356293
0.682,0.09115418046712875,0.09115734696388245
0.683,0.09115102142095566,0.09114785492420197
0.684,0.09114468842744827,0.09114152938127518
0.685,0.09114152938127518,0.09113836288452148
0.686,0.09113520383834839,0.09113836288452148
0.687,0.09113520383834839,0.091128870844841
0.688,0.0911320373415947,0.0911320373415947
0.689,0.09120163321495056,0.09120479971170425
0.69,0.09118898212909698,0.0911794900894165
0.691,0.09116683900356293,0.09116050601005554
0.692,0.09115102142095566,0.09114152938127518
0.693,0.09114468842744827,0.09114152938127518
0.694,0.09114468842744827,0.09113520383834839
0.695,0.09113520383834839,0.0911320373415947
0.696,0.09114152938127518,0.091128870844841
0.697,0.0911320373415947,0.0911320373415947
0.698,0.091128870844841,0.09113520383834839
0.699,0.091128870844841,0.09112571179866791
0.7,0.0911320373415947,0.09112571179866791
0.701,0.0911320373415947,0.09112571179866791
0.702,0.091128870844841,0.09112254530191422
0.703,0.09112254530191422,0.091128870844841
0.704,0.09112571179866791,0.09112254530191422
0.705,0.091128870844841,0.091128870844841
0.706,0.091128870844841,0.09112254530191422
0.707,0.091128870844841,0.09112254530191422
0.708,0.09112254530191422,0.09112254530191422
0.709,0.09112571179866791,0.09112254530191422
0.71,0.091128870844841,0.09112254530191422
0.711,0.091128870844841,0.09112254530191422
0.712,0.091128870844841,0.09112254530191422
0.713,0.09112571179866791,0.09112571179866791
0.714,0.09112571179866791,0.09111938625574112
0.715,0.09112254530191422,0.09112254530191422
0.716,0.091128870844841,0.09111938625574112
0.717,0.09112254530191422,0.09112254530191422
0.718,0.09112571179866791,0.09111938625574112
0.719,0.09112254530191422,0.09112254530191422
0.72,0.09112571179866791,0.09112254530191422
0.721,0.09112254530191422,0.09111621975898743
0.722,0.09112571179866791,0.09111621975898743
0.723,0.09112571179866791,0.09111938625574112
0.724,0.09112254530191422,0.09112254530191422
0.725,0.0911826565861702,0.0911826565861702
0.726,0.09131552278995514,0.09131552278995514
0.727,0.0913882851600647,0.0913882851600647
0.728,0.09143257886171341,0.09142624586820602
0.729,0.09146421402692795,0.09145472198724747
0.73,0.09148003160953522,0.09147686511278152
0.731,0.09149584919214249,0.0914926826953888
0.732,0.09150217473506927,0.09150534123182297
0.733,0.09151482582092285,0.09150850027799606
0.734,0.09152431786060333,0.09151799231767654
0.735,0.09152748435735703,0.09152115881443024
0.736,0.09152431786060333,0.09152431786060333
0.737,0.09153380990028381,0.09152748435735703
0.738,0.09153064340353012,0.09152748435735703
0.739,0.09152748435735703,0.09153380990028381
0.74,0.09153064340353012,0.09152748435735703
0.741,0.09153064340353012,0.09153380990028381
0.742,0.09153380990028381,0.09153380990028381
0.743,0.0915369763970375,0.09152748435735703
0.744,0.09153380990028381,0.09153380990028381
0.745,0.09153380990028381,0.0915369763970375
0.746,0.09153380990028381,0.09153380990028381
0.747,0.0915369763970375,0.09153380990028381
0.748,0.0915369763970375,0.09153380990028381
0.749,0.0915369763970375,0.09153064340353012
0.75,0.0915401354432106,0.09153380990028381
0.751,0.0915369763970375,0.09153380990028381
0.752,0.0915401354432106,0.09153380990028381
0.753,0.0915369763970375,0.0915401354432106
0.754,0.0915369763970375,0.09153380990028381
0.755,0.0915369763970375,0.09153064340353012
0.756,0.0915401354432106,0.0915369763970375
0.757,0.0915369763970375,0.09153380990028381
0.758,0.09154962748289108,0.09154646098613739
0.759,0.09154646098613739,0.0915401354432106
0.76,0.0915433019399643,0.0915401354432106
0.761,0.0915401354432106,0.0915401354432106
0.762,0.0915401354432106,0.09153064340353012
0.763,0.0915401354432106,0.0915369763970375
0.764,0.0915369763970375,0.09153380990028381
0.765,0.0915401354432106,0.09153380990028381
0.766,0.0915369763970375,0.09153380990028381
0.767,0.0915401354432106,0.0915369763970375
0.768,0.09158442914485931,0.09157810360193253
0.769,0.09155911952257156,0.09155595302581787
0.77,0.0915433019399643,0.0915433019399643
0.771,0.0915433019399643,0.0915401354432106
0.772,0.0915369763970375,0.09153380990028381
0.773,0.0915369763970375,0.09153064340353012
0.774,0.09153380990028381,0.09153380990028381
0.775,0.09147369861602783,0.09147053956985474
0.776,0.09134083241224289,0.0913345068693161
0.777,0.09126807004213333,0.09126490354537964
0.778,0.09122694283723831,0.09122378379106522
0.779,0.09119530767202377,0.09119214117527008
0.78,0.0911794900894165,0.09117316454648972
0.781,0.09116683900356293,0.09116050601005554
0.782,0.09115418046712875,0.09115102142095566
0.783,0.09114152938127518,0.09113836288452148
0.784,0.09113520383834839,0.09113520383834839
0.785,0.09113836288452148,0.09112571179866791
0.786,0.091128870844841,0.0911320373415947
0.787,0.09112254530191422,0.09112571179866791
0.788,0.0911320373415947,0.09112571179866791
0.789,0.09112254530191422,0.09112254530191422
0.79,0.09112254530191422,0.09112254530191422
0.791,0.09111938625574112,0.09111938625574112
0.792,0.09112254530191422,0.09111938625574112
0.793,0.09111938625574112,0.09111621975898743
0.794,0.09112254530191422,0.09111621975898743
0.795,0.09112254530191422,0.09111621975898743
0.796,0.09111938625574112,0.09111621975898743
0.797,0.09111621975898743,0.09111938625574112
0.798,0.09111621975898743,0.09111621975898743
0.799,0.09111938625574112,0.09111621975898743
0.8,0.09111938625574112,0.09110989421606064
0.801,0.09111938625574112,0.09111938625574112
0.802,0.09111938625574112,0.09111305326223373
0.803,0.09111938625574112,0.09111305326223373
0.804,0.09111621975898743,0.09111621975898743
0.805,0.09112254530191422,0.09111621975898743
0.806,0.09111938625574112,0.09111621975898743
0.807,0.09112254530191422,0.09111305326223373
0.808,0.09111938625574112,0.09111621975898743
0.809,0.09111621975898743,0.09111621975898743
0.81,0.09111938625574112,0.09111621975898743
0.811,0.09111621975898743,0.09111938625574112
0.812,0.09111621975898743,0.09111305326223373
0.813,0.09111621975898743,0.09111621975898743
0.814,0.09111621975898743,0.09111305326223373
0.815,0.09111938625574112,0.09111938625574112
0.816,0.09111938625574112,0.09111621975898743
0.817,0.09111621975898743,0.09110989421606064
0.818,0.09111621975898743,0.09111621975898743
0.819,0.09111938625574112,0.09111621975898743
0.82,0.09111305326223373,0.09111621975898743
0.821,0.09111621975898743,0.09111621975898743
0.822,0.09111621975898743,0.09111305326223373
0.823,0.09111621975898743,0.09111305326223373
0.824,0.09112254530191422,0.09111621975898743
0.825,0.0911826565861702,0.0911794900894165
0.826,0.09131868928670883,0.09131236374378204
0.827,0.0913851261138916,0.0913851261138916
0.828,0.09142941236495972,0.09142941236495972
0.829,0.09145788103342056,0.09145472198724747
0.83,0.09148319065570831,0.09148003160953522
0.831,0.09149584919214249,0.0914926826953888
0.832,0.09150534123182297,0.09150217473506927
0.833,0.09151799231767654,0.09150534123182297
0.834,0.09152115881443024,0.09151482582092285
0.835,0.09152748435735703,0.09152115881443024
0.836,0.09153064340353012,0.09152748435735703
0.837,0.09153064340353012,0.09152748435735703
0.838,0.09153064340353012,0.09153380990028381
0.839,0.09153380990028381,0.09153064340353012
0.84,0.0915369763970375,0.09152748435735703
0.841,0.0915401354432106,0.09153064340353012
0.842,0.09153064340353012,0.09153380990028381
0.843,0.09153380990028381,0.09153380990028381
0.844,0.0915369763970375,0.09153380990028381
0.845,0.0915369763970375,0.0915369763970375
0.846,0.0915401354432106,0.09153380990028381
0.847,0.0915369763970375,0.09153380990028381
0.848,0.0915401354432106,0.0915369763970375
0.849,0.0915401354432106,0.0915401354432106
0.85,0.0915433019399643,0.0915369763970375
0.851,0.0915401354432106,0.0915369763970375
0.852,0.0915433019399643,0.09153380990028381
0.853,0.09154646098613739,0.09154646098613739
0.854,0.0915433019399643,0.0915401354432106
0.855,0.09154646098613739,0.0915369763970375
0.856,0.0915369763970375,0.0915369763970375
0.857,0.0915369763970375,0.0915369763970375
0.858,0.0915401354432106,0.0915369763970375
0.859,0.0915401354432106,0.0915369763970375
0.86,0.0915401354432106,0.0915369763970375
0.861,0.0915401354432106,0.09153380990028381
0.862,0.0915401354432106,0.09153380990028381
0.863,0.0915369763970375,0.09153064340353012
0.864,0.0915433019399643,0.09153380990028381
0.865,0.09161289781332016,0.09160973876714706
0.866,0.09166984260082245,0.09166035056114197
0.867,0.0916919857263565,0.0916951522231102
0.868,0.09171729534864426,0.09171096980571747
0.869,0.09172678738832474,0.09172678738832474
0.87,0.091742604970932,0.09173627942800522
0.871,0.0917489305138588,0.0917457714676857
0.872,0.09175209701061249,0.0917489305138588
0.873,0.09175526350736618,0.0917489305138588
0.874,0.09175526350736618,0.09175842255353928
0.875,0.09170147776603699,0.0916951522231102
0.876,0.09156544506549835,0.09156544506549835
0.877,0.09149900823831558,0.09149900823831558
0.878,0.09145788103342056,0.09145155549049377
0.879,0.09142624586820602,0.09142308682203293
0.88,0.09140726923942566,0.09140410274267197
0.881,0.09139461070299149,0.0913882851600647
0.882,0.09138195961713791,0.09138195961713791
0.883,0.09137879312038422,0.09137246757745743
0.884,0.09136930108070374,0.09136930108070374
0.885,0.09136297553777695,0.09136297553777695
0.886,0.09136614203453064,0.09135981649160385
0.887,0.09135981649160385,0.09135664999485016
0.888,0.09136297553777695,0.09135664999485016
0.889,0.09135664999485016,0.09135981649160385
0.89,0.09135664999485016,0.09135032445192337
0.891,0.09135981649160385,0.09135348349809647
0.892,0.09135664999485016,0.09135032445192337
0.893,0.09135664999485016,0.09134715795516968
0.894,0.09135664999485016,0.09135032445192337
0.895,0.09135664999485016,0.09134715795516968
0.896,0.09135664999485016,0.09135348349809647
0.897,0.09135664999485016,0.09135032445192337
0.898,0.09135664999485016,0.09135032445192337
0.899,0.09135348349809647,0.09135032445192337
0.9,0.09135664999485016,0.09135032445192337
0.901,0.09135664999485016,0.09135348349809647
0.902,0.09135348349809647,0.09135348349809647
0.903,0.09135664999485016,0.09135348349809647
0.904,0.09135664999485016,0.09135032445192337
0.905,0.09135348349809647,0.09135348349809647
0.906,0.09135664999485016,0.09135348349809647
0.907,0.09128072112798691,0.09127439558506012
0.908,0.09122694283723831,0.09122378379106522
0.909,0.09120163321495056,0.09119214117527008
0.91,0.0911794900894165,0.09117316454648972
0.911,0.09116367250680923,0.09116050601005554
0.912,0.09115734696388245,0.09115418046712875
0.913,0.09114785492420197,0.09114152938127518
0.914,0.09114152938127518,0.09113836288452148
0.915,0.09114152938127518,0.09113520383834839
0.916,0.09113836288452148,0.09113520383834839
0.917,0.09113520383834839,0.0911320373415947
0.918,0.09113520383834839,0.09112571179866791
0.919,0.091128870844841,0.09112571179866791
0.92,0.091128870844841,0.09112571179866791
0.921,0.0911320373415947,0.09112571179866791
0.922,0.09112571179866791,0.091128870844841
0.923,0.091128870844841,0.09112254530191422
0.924,0.09112571179866791,0.09112571179866791
0.925,0.09118898212909698,0.09118581563234329
0.926,0.09132184833288193,0.09131868928670883
0.927,0.09139145165681839,0.0913851261138916
0.928,0.09143257886171341,0.09143257886171341
0.929,0.09146421402692795,0.09146104753017426
0.93,0.09148319065570831,0.09148319065570831
0.931,0.09149900823831558,0.09149584919214249
0.932,0.09150850027799606,0.09150850027799606
0.933,0.09151482582092285,0.09151166677474976
0.934,0.09152431786060333,0.09152115881443024
0.935,0.09152431786060333,0.09152431786060333
0.936,0.09153064340353012,0.09152748435735703
0.937,0.09153380990028381,0.09152748435735703
0.938,0.09153064340353012,0.09153380990028381
0.939,0.09153380990028381,0.09153064340353012
0.94,0.0915369763970375,0.09153380990028381
0.941,0.0915369763970375,0.09153064340353012
0.942,0.09153380990028381,0.09153380990028381
0.943,0.0915401354432106,0.09153380990028381
0.944,0.0915401354432106,0.09153380990028381
0.945,0.0915369763970375,0.09153380990028381
0.946,0.0915369763970375,0.0915369763970375
0.947,0.0915401354432106,0.09153380990028381
0.948,0.0915401354432106,0.0915401354432106
0.949,0.09161606431007385,0.09161289781332016
0.95,0.09159708023071289,0.0915907546877861
0.951,0.09157177060842514,0.09156861156225204
0.952,0.09156227856874466,0.09155595302581787
0.953,0.09154962748289108,0.09154646098613739
0.954,0.09154646098613739,0.09154646098613739
0.955,0.09154646098613739,0.09154646098613739
0.956,0.09154646098613739,0.0915433019399643
0.957,0.0915401354432106,0.0915433019399643
0.958,0.0915433019399643,0.0915401354432106
0.959,0.0915401354432106,0.0915433019399643
0.96,0.0915433019399643,0.0915401354432106
0.961,0.09154646098613739,0.0915369763970375
0.962,0.0915401354432106,0.0915369763970375
0.963,0.0915433019399643,0.0915369763970375
0.964,0.0915433019399643,0.0915401354432106
0.965,0.0915433019399643,0.0915369763970375
0.966,0.0915369763970375,0.0915401354432106
0.967,0.0915433019399643,0.0915401354432106
0.968,0.0915433019399643,0.0915433019399643
0.969,0.0915369763970375,0.0915401354432106
0.97,0.09154646098613739,0.0915369763970375
0.971,0.0915369763970375,0.0915369763970375
0.972,0.0915433019399643,0.0915369763970375
0.973,0.0915401354432106,0.0915369763970375
0.974,0.0915401354432106,0.0915401354432106
0.975,0.09148003160953522,0.09147369861602783
0.976,0.09135664999485016,0.09134083241224289
0.977,0.09127756208181381,0.09127439558506012
0.978,0.0912332683801651,0.09122694283723831
0.979,0.09120479971170425,0.09120479971170425
0.98,0.09118581563234329,0.09118898212909698
0.981,0.09117316454648972,0.09116683900356293
0.982,0.09116050601005554,0.09115734696388245
0.983,0.09115418046712875,0.09114785492420197
0.984,0.09114785492420197,0.09114468842744827
0.985,0.09114152938127518,0.09113520383834839
0.986,0.09114152938127518,0.09113520383834839
0.987,0.09113520383834839,0.091128870844841
0.988,0.09113520383834839,0.091128870844841
0.989,0.0911320373415947,0.091128870844841
0.99,0.091128870844841,0.09112571179866791
0.991,0.0911320373415947,0.0911320373415947
0.992,0.0911320373415947,0.091128870844841
0.993,0.091128870844841,0.09112571179866791
0.994,0.0911320373415947,0.09112254530191422
0.995,0.091128870844841,0.09112571179866791
0.996,0.091128870844841,0.09112254530191422
0.997,0.0911320373415947,0.09112254530191422
0.998,0.0911320373415947,0.09112254530191422
0.999,0.09112571179866791,0.09112254530191422
1.0,0.09112571179866791,0.09112571179866791
1.001,0.09112571179866791,0.09112254530191422
1.002,0.091128870844841,0.091128870844841
1.003,0.09112571179866791,0.09111938625574112
1.004,0.091128870844841,0.09112254530191422
1.005,0.09112254530191422,0.09111621975898743
1.006,0.09112254530191422,0.09112571179866791
1.007,0.091128870844841,0.09111938625574112
1.008,0.09112254530191422,0.09112254530191422
1.009,0.091128870844841,0.09112254530191422
1.01,0.09112571179866791,0.09112254530191422
1.011,0.09112254530191422,0.09112254530191422
1.012,0.091128870844841,0.09112254530191422
1.013,0.091128870844841,0.09111938625574112
1.014,0.09112571179866791,0.09112254530191422
1.015,0.091128870844841,0.09111938625574112
1.016,0.09112571179866791,0.091128870844841
1.017,0.091128870844841,0.09112254530191422
1.018,0.09112254530191422,0.09112571179866791
1.019,0.09112571179866791,0.09111938625574112
1.02,0.09111938625574112,0.09112254530191422
1.021,0.09112571179866791,0.09111938625574112
1.022,0.09112254530191422,0.09112254530191422
1.023,0.091128870844841,0.09111938625574112
1.024,0.09116367250680923,0.09116367250680923
1.025,0.09120479971170425,0.09119847416877747
1.026,0.09132818132638931,0.09132501482963562
1.027,0.09139145165681839,0.0913882851600647
1.028,0.09142941236495972,0.09142941236495972
1.029,0.09146421402692795,0.09145788103342056
1.03,0.09148003160953522,0.09147369861602783
1.031,0.0914926826953888,0.0914895236492157
1.032,0.09149584919214249,0.09149584919214249
1.033,0.09150850027799606,0.09150534123182297
1.034,0.09151482582092285,0.09151166677474976
1.035,0.09152115881443024,0.09151482582092285
1.036,0.09152431786060333,0.09151799231767654
1.037,0.09152431786060333,0.09152115881443024
1.038,0.09152748435735703,0.09152115881443024
1.039,0.09152431786060333,0.09152431786060333
1.04,0.09152748435735703,0.09152748435735703
1.041,0.09153064340353012,0.09152748435735703
1.042,0.09152748435735703,0.09152431786060333
1.043,0.09152748435735703,0.09152748435735703
1.044,0.0915433019399643,0.09153380990028381
1.045,0.09153064340353012,0.09153064340353012
1.046,0.09153380990028381,0.09153380990028381
1.047,0.09152748435735703,0.09153064340353012
1.048,0.09153064340353012,0.09153064340353012
1.049,0.09153380990028381,0.09153380990028381
1.05,0.09152748435735703,0.09152748435735703
1.051,0.09153380990028381,0.09153064340353012
1.052,0.09152748435735703,0.09152431786060333
1.053,0.09153064340353012,0.09153064340353012
1.054,0.09153380990028381,0.09153380990028381
1.055,0.09152748435735703,0.09153064340353012
1.056,0.09153064340353012,0.09152748435735703
1.057,0.09153380990028381,0.09152748435735703
1.058,0.09153380990028381,0.09153064340353012
1.059,0.09153064340353012,0.09153380990028381
1.06,0.09153380990028381,0.09153064340353012
1.061,0.09153064340353012,0.09152748435735703
1.062,0.09153064340353012,0.09153064340353012
1.063,0.09153380990028381,0.09153064340353012
1.064,0.09153064340353012,0.09153064340353012
1.065,0.09153380990028381,0.09152748435735703
1.066,0.09153064340353012,0.09153064340353012
1.067,0.09153380990028381,0.09152748435735703
1.068,0.09153064340353012,0.09153064340353012
1.069,0.09153380990028381,0.09153064340353012
1.07,0.09153380990028381,0.09152748435735703
1.071,0.09153380990028381,0.09152748435735703
1.072,0.09153064340353012,0.09152748435735703
1.073,0.09153064340353012,0.09153064340353012
1.074,0.09153380990028381,0.09152748435735703
1.075,0.09147053956985474,0.09147369861602783
1.076,0.09134399890899658,0.0913376659154892
1.077,0.09127756208181381,0.09126807004213333
1.078,0.091230109333992,0.09122694283723831
1.079,0.09120479971170425,0.09120163321495056
1.08,0.0911826565861702,0.0911794900894165
1.081,0.09116683900356293,0.09116367250680923
1.082,0.09116050601005554,0.09115418046712875
1.083,0.09114785492420197,0.09114785492420197
1.084,0.09114152938127518,0.09114152938127518
1.085,0.09113836288452148,0.09113836288452148
1.086,0.09113836288452148,0.0911320373415947
1.087,0.091128870844841,0.091128870844841
1.088,0.09113520383834839,0.091128870844841
1.089,0.091128870844841,0.09112254530191422
1.09,0.091128870844841,0.0911320373415947
1.091,0.09112571179866791,0.09112571179866791
1.092,0.091128870844841,0.09112571179866791
1.093,0.0911320373415947,0.09112571179866791
1.094,0.091128870844841,0.09112571179866791
1.095,0.091128870844841,0.091128870844841
1.096,0.09112571179866791,0.09112254530191422
1.097,0.091128870844841,0.09112571179866791
1.098,0.091128870844841,0.09112254530191422
1.099,0.09112571179866791,0.09111938625574112
1.1,0.09112571179866791,0.09112254530191422
1.101,0.0911320373415947,0.09111938625574112
1.102,0.09112254530191422,0.09112254530191422
1.103,0.091128870844841,0.09112571179866791
1.104,0.09112571179866791,0.09112571179866791
1.105,0.09111938625574112,0.09112571179866791
1.106,0.09112254530191422,0.09111938625574112
1.107,0.09112254530191422,0.09112571179866791
1.108,0.09112254530191422,0.09112571179866791
1.109,0.09112254530191422,0.09112254530191422
1.11,0.09112571179866791,0.09111938625574112
1.111,0.091128870844841,0.09111621975898743
1.112,0.09112571179866791,0.09111938625574112
1.113,0.09112571179866791,0.09112254530191422
1.114,0.09119530767202377,0.09119530767202377
1.115,0.09125225245952606,0.09124592691659927
1.116,0.09128072112798691,0.09127439558506012
1.117,0.09129970520734787,0.09129654616117477
1.118,0.09131236374378204,0.09131236374378204
1.119,0.09132184833288193,0.09131868928670883
1.12,0.0913345068693161,0.09132501482963562
1.121,0.0913376659154892,0.09132818132638931
1.122,0.0913345068693161,0.0913345068693161
1.123,0.0913376659154892,0.09134083241224289
1.124,0.09134399890899658,0.0913376659154892
1.125,0.09140726923942566,0.09140094369649887
1.126,0.0915401354432106,0.09153380990028381
1.127,0.09160657227039337,0.09160973876714706
1.128,0.09165402501821518,0.09164769947528839
1.129,0.09168566018342972,0.09168250113725662
1.13,0.09171096980571747,0.09170147776603699
1.131,0.09172046184539795,0.09171729534864426
1.132,0.09173627942800522,0.09172995388507843
1.133,0.09173943847417831,0.09173943847417831
1.134,0.0917457714676857,0.09173943847417831
1.135,0.09175209701061249,0.0917489305138588
1.136,0.09175209701061249,0.09175209701061249
1.137,0.09175526350736618,0.0917489305138588
1.138,0.09176158905029297,0.09175842255353928
1.139,0.09177108108997345,0.09176791459321976
1.14,0.09176474809646606,0.09176158905029297
1.141,0.09176791459321976,0.09176474809646606
1.142,0.09176791459321976,0.09175842255353928
1.143,0.09176791459321976,0.09176158905029297
1.144,0.09176791459321976,0.09176158905029297
1.145,0.09176791459321976,0.09176474809646606
1.146,0.09176474809646606,0.09175842255353928
1.147,0.09177424013614655,0.09176158905029297
1.148,0.09177108108997345,0.09176158905029297
1.149,0.09176474809646606,0.09176158905029297
1.15,0.09176474809646606,0.09176158905029297
1.151,0.09176791459321976,0.09176791459321976
1.152,0.09176791459321976,0.09176791459321976
1.153,0.09177108108997345,0.09176158905029297
1.154,0.09177108108997345,0.09176474809646606
1.155,0.09177108108997345,0.09176791459321976
1.156,0.0916951522231102,0.09169831871986389
1.157,0.0916413739323616,0.09163820743560791
1.158,0.09161289781332016,0.09160657227039337
1.159,0.0915907546877861,0.0915907546877861
1.16,0.09157493710517883,0.09157493710517883
1.161,0.09157177060842514,0.09156544506549835
1.162,0.09156544506549835,0.09155911952257156
1.163,0.09156227856874466,0.09155279397964478
1.164,0.09155911952257156,0.09155595302581787
1.165,0.09155279397964478,0.09154646098613739
1.166,0.09154962748289108,0.09154646098613739
1.167,0.09154646098613739,0.09154646098613739
1.168,0.09154962748289108,0.0915433019399643
1.169,0.0915433019399643,0.0915369763970375
1.17,0.09154646098613739,0.0915401354432106
1.171,0.0915433019399643,0.0915369763970375
1.172,0.0915433019399643,0.0915401354432106
1.173,0.0915433019399643,0.0915433019399643
1.174,0.09154646098613739,0.0915401354432106
1.175,0.09148003160953522,0.09147686511278152
1.176,0.09135032445192337,0.09134399890899658
1.177,0.09127756208181381,0.09127756208181381
1.178,0.09123643487691879,0.09123643487691879
1.179,0.09121112525463104,0.09120479971170425
1.18,0.09118581563234329,0.0911826565861702
1.181,0.09117316454648972,0.09117316454648972
1.182,0.09116050601005554,0.09116367250680923
1.183,0.09115418046712875,0.09115418046712875
1.184,0.09114785492420197,0.09114152938127518
1.185,0.09113836288452148,0.09113836288452148
1.186,0.09114152938127518,0.09113836288452148
1.187,0.09113836288452148,0.09113520383834839
1.188,0.09113520383834839,0.091128870844841
1.189,0.09113520383834839,0.09113520383834839
1.19,0.0911320373415947,0.091128870844841
1.191,0.091128870844841,0.09112571179866791
1.192,0.0911320373415947,0.091128870844841
1.193,0.09112571179866791,0.0911320373415947
1.194,0.091128870844841,0.09112571179866791
1.195,0.091128870844841,0.09112571179866791
1.196,0.091128870844841,0.09112571179866791
1.197,0.0911320373415947,0.0911320373415947
1.198,0.09119847416877747,0.09119530767202377
1.199,0.0911826565861702,0.0911794900894165
1.2,0.09115418046712875,0.09115418046712875
1.201,0.09115102142095566,0.09114152938127518
1.202,0.09114152938127518,0.09113520383834839
1.203,0.09113836288452148,0.09113520383834839
1.204,0.09113520383834839,0.0911320373415947
1.205,0.0911320373415947,0.09112571179866791
1.206,0.091128870844841,0.091128870844841
1.207,0.0911320373415947,0.09112571179866791
1.208,0.091128870844841,0.09112254530191422
1.209,0.091128870844841,0.091128870844841
1.21,0.09112571179866791,0.09112571179866791
1.211,0.0911320373415947,0.091128870844841
1.212,0.091128870844841,0.09112254530191422
1.213,0.091128870844841,0.09112571179866791
1.214,0.091128870844841,0.09112571179866791
1.215,0.09112571179866791,0.09112571179866791
1.216,0.091128870844841,0.09111938625574112
1.217,0.09112571179866791,0.09112254530191422
1.218,0.09112571179866791,0.09112254530191422
1.219,0.091128870844841,0.09112571179866791
1.22,0.091128870844841,0.09112254530191422
1.221,0.09112571179866791,0.09112254530191422
1.222,0.09112571179866791,0.09112254530191422
1.223,0.09112254530191422,0.09111938625574112
1.224,0.09112571179866791,0.09111621975898743
1.225,0.09118581563234329,0.0911794900894165
1.226,0.09131552278995514,0.09131552278995514
1.227,0.0913882851600647,0.09138195961713791
1.228,0.0914357379078865,0.09143257886171341
1.229,0.09146104753017426,0.09146104753017426
1.23,0.09148319065570831,0.09148003160953522
1.231,0.09150217473506927,0.0914926826953888
1.232,0.09150217473506927,0.09150217473506927
1.233,0.09151482582092285,0.09150850027799606
1.234,0.09153064340353012,0.09152748435735703
1.235,0.09153380990028381,0.09152748435735703
1.236,0.09153064340353012,0.09153064340353012
1.237,0.0915369763970375,0.09152748435735703
1.238,0.09153380990028381,0.09153064340353012
1.239,0.09153380990028381,0.09153380990028381
1.24,0.09153064340353012,0.09153380990028381
1.241,0.0915369763970375,0.09153064340353012
1.242,0.0915369763970375,0.09153380990028381
1.243,0.09153380990028381,0.09153380990028381
1.244,0.09153380990028381,0.09153064340353012
1.245,0.09153380990028381,0.09153380990028381
1.246,0.0915401354432106,0.0915369763970375
1.247,0.0915401354432106,0.0915369763970375
1.248,0.0915369763970375,0.09153380990028381
1.249,0.09153380990028381,0.0915401354432106
1.25,0.0915401354432106,0.09153380990028381
1.251,0.0915401354432106,0.09153380990028381
1.252,0.0915369763970375,0.0915369763970375
1.253,0.0915401354432106,0.0915401354432106
1.254,0.0915369763970375,0.09153380990028381
1.255,0.0915369763970375,0.09153380990028381
1.256,0.0915401354432106,0.09153380990028381
1.257,0.0915401354432106,0.0915401354432106
1.258,0.0915369763970375,0.09153380990028381
1.259,0.0915401354432106,0.09153380990028381
1.26,0.0915401354432106,0.09153380990028381
1.261,0.0915369763970375,0.09153380990028381
1.262,0.0915401354432106,0.0915401354432106
1.263,0.09154646098613739,0.0915369763970375
1.264,0.0915401354432106,0.09153380990028381
1.265,0.0915369763970375,0.0915369763970375
1.266,0.0915401354432106,0.09153380990028381
1.267,0.0915401354432106,0.0915369763970375
1.268,0.0915401354432106,0.0915401354432106
1.269,0.09154646098613739,0.09153380990028381
1.27,0.0915369763970375,0.0915369763970375
1.271,0.0915401354432106,0.09153380990028381
1.272,0.0915433019399643,0.09153380990028381
1.273,0.0915369763970375,0.09153380990028381
1.274,0.0915401354432106,0.0915401354432106
1.275,0.09147686511278152,0.09147053956985474
1.276,0.09134399890899658,0.09134083241224289
1.277,0.09127756208181381,0.09127756208181381
1.278,0.091230109333992,0.091230109333992
1.279,0.09120479971170425,0.09119847416877747
1.28,0.09122378379106522,0.09122061729431152
1.281,0.09118581563234329,0.09118581563234329
1.282,0.09116999804973602,0.09116367250680923
1.283,0.09115418046712875,0.09115102142095566
1.284,0.09114152938127518,0.09114468842744827
1.285,0.09113836288452148,0.0911320373415947
1.286,0.09113520383834839,0.091128870844841
1.287,0.091128870844841,0.091128870844841
1.288,0.091128870844841,0.09112254530191422
1.289,0.09112571179866791,0.09111621975898743
1.29,0.09111938625574112,0.09111938625574112
1.291,0.09112254530191422,0.09111621975898743
1.292,0.09112254530191422,0.09111621975898743
1.293,0.09111938625574112,0.09111621975898743
1.294,0.09112254530191422,0.09111938625574112
1.295,0.09112254530191422,0.09111305326223373
1.296,0.09112571179866791,0.09111938625574112
1.297,0.09111621975898743,0.09111621975898743
1.298,0.09111938625574112,0.09111305326223373
1.299,0.09111938625574112,0.09111305326223373
1.3,0.09111938625574112,0.09111305326223373
1.301,0.09111621975898743,0.09111621975898743
1.302,0.09111621975898743,0.09111305326223373
1.303,0.09111621975898743,0.09111938625574112
1.304,0.09111305326223373,0.09111305326223373
1.305,0.09111938625574112,0.09110989421606064
1.306,0.09111621975898743,0.09111621975898743
1.307,0.09111938625574112,0.09111305326223373
1.308,0.09111305326223373,0.09111305326223373
1.309,0.09111305326223373,0.09110989421606064
1.31,0.09111938625574112,0.09111305326223373
1.311,0.09111305326223373,0.09111305326223373
1.312,0.09111938625574112,0.09110989421606064
1.313,0.09111938625574112,0.09111305326223373
1.314,0.09111621975898743,0.09110989421606064
1.315,0.09112254530191422,0.09110989421606064
1.316,0.09111621975898743,0.09111305326223373
1.317,0.09111621975898743,0.09110989421606064
1.318,0.09111305326223373,0.09111305326223373
1.319,0.09111621975898743,0.09111621975898743
1.32,0.09111621975898743,0.09111305326223373
1.321,0.09111621975898743,0.09111621975898743
1.322,0.09111621975898743,0.09111305326223373
1.323,0.09111621975898743,0.09111621975898743
1.324,0.09112571179866791,0.09111305326223373
1.325,0.0911794900894165,0.0911794900894165
1.326,0.09131868928670883,0.09131236374378204
1.327,0.0913851261138916,0.09138195961713791
1.328,0.09142941236495972,0.09142624586820602
1.329,0.09147053956985474,0.09146104753017426
1.33,0.09148319065570831,0.09148003160953522
1.331,0.09149584919214249,0.0914926826953888
1.332,0.09150850027799606,0.09149900823831558
1.333,0.09151482582092285,0.09151166677474976
1.334,0.09152115881443024,0.09151482582092285
1.335,0.09152115881443024,0.09151799231767654
1.336,0.09152748435735703,0.09152115881443024
1.337,0.09152748435735703,0.09152748435735703
1.338,0.09152748435735703,0.09152431786060333
1.339,0.09153064340353012,0.09153380990028381
1.34,0.09153064340353012,0.09153064340353012
1.341,0.09153064340353012,0.09153064340353012
1.342,0.09153064340353012,0.09153064340353012
1.343,0.09153380990028381,0.09152748435735703
1.344,0.09153380990028381,0.09152748435735703
1.345,0.09153380990028381,0.09153380990028381
1.346,0.0915369763970375,0.09153064340353012
1.347,0.0915369763970375,0.09153380990028381
1.348,0.09153380990028381,0.09153380990028381
1.349,0.0915369763970375,0.0915369763970375
1.35,0.0915369763970375,0.09153380990028381
1.351,0.0915433019399643,0.09153380990028381
1.352,0.0915401354432106,0.09153380990028381
1.353,0.0915401354432106,0.09153380990028381
1.354,0.0915401354432106,0.0915369763970375
1.355,0.0915369763970375,0.09153380990028381
1.356,0.0915401354432106,0.09153064340353012
1.357,0.0915401354432106,0.09153380990028381
1.358,0.0915401354432106,0.0915369763970375
1.359,0.0915369763970375,0.0915369763970375
1.36,0.0915401354432106,0.09153380990028381
1.361,0.0915401354432106,0.0915369763970375
1.362,0.0915369763970375,0.0915369763970375
1.363,0.0915369763970375,0.09153380990028381
1.364,0.09160973876714706,0.09160657227039337
1.365,0.09167300909757614,0.09166351705789566
1.366,0.0916919857263565,0.0916919857263565
1.367,0.09171096980571747,0.09171413630247116
1.368,0.09172995388507843,0.09172678738832474
1.369,0.09173627942800522,0.09173627942800522
1.37,0.0917489305138588,0.091742604970932
1.371,0.0917489305138588,0.0917489305138588
1.372,0.09175209701061249,0.09175209701061249
1.373,0.09175526350736618,0.09175526350736618
1.374,0.09175842255353928,0.09175209701061249
1.375,0.09170147776603699,0.0916951522231102
1.376,0.09156544506549835,0.09156227856874466
1.377,0.09149584919214249,0.09149584919214249
1.378,0.09145788103342056,0.09145155549049377
1.379,0.09142941236495972,0.09141992032527924
1.38,0.09141042828559875,0.09140094369649887
1.381,0.0913882851600647,0.0913882851600647
1.382,0.09137879312038422,0.09137879312038422
1.383,0.09137563407421112,0.09137246757745743
1.384,0.09136930108070374,0.09136930108070374
1.385,0.09136614203453064,0.09136297553777695
1.386,0.09136297553777695,0.09135981649160385
1.387,0.09135664999485016,0.09135664999485016
1.388,0.09135664999485016,0.09135348349809647
1.389,0.09135664999485016,0.09135348349809647
1.39,0.09135348349809647,0.09135664999485016
1.391,0.09135664999485016,0.09135348349809647
1.392,0.09135664999485016,0.09135348349809647
1.393,0.09135664999485016,0.09134715795516968
1.394,0.09135348349809647,0.09135032445192337
1.395,0.09135348349809647,0.09134715795516968
1.396,0.09135348349809647,0.09135348349809647
1.397,0.09135664999485016,0.09135348349809647
1.398,0.09135348349809647,0.09135032445192337
1.399,0.09135348349809647,0.09134715795516968
1.4,0.09135032445192337,0.09134715795516968
1.401,0.09134715795516968,0.09135032445192337
1.402,0.09135348349809647,0.09134715795516968
1.403,0.09135348349809647,0.09134399890899658
1.404,0.09135032445192337,0.09134715795516968
1.405,0.09135032445192337,0.09134715795516968
1.406,0.09128072112798691,0.09127439558506012
1.407,0.091230109333992,0.09122378379106522
1.408,0.09119214117527008,0.09119214117527008
1.409,0.09117632359266281,0.09117632359266281
1.41,0.09116683900356293,0.09116050601005554
1.411,0.09114785492420197,0.09115102142095566
1.412,0.09114785492420197,0.09114468842744827
1.413,0.09114152938127518,0.09113836288452148
1.414,0.09113836288452148,0.091128870844841
1.415,0.09113836288452148,0.09113520383834839
1.416,0.09113520383834839,0.091128870844841
1.417,0.091128870844841,0.091128870844841
1.418,0.0911320373415947,0.091128870844841
1.419,0.09112571179866791,0.09112254530191422
1.42,0.091128870844841,0.09112571179866791
1.421,0.0911320373415947,0.09112571179866791
1.422,0.09112571179866791,0.09111938625574112
1.423,0.091128870844841,0.09112254530191422
1.424,0.09112571179866791,0.09112571179866791
1.425,0.09119847416877747,0.09119847416877747
1.426,0.09132818132638931,0.09132184833288193
1.427,0.09139145165681839,0.09139777719974518
1.428,0.0914389044046402,0.09143257886171341
1.429,0.09146421402692795,0.09145788103342056
1.43,0.09148319065570831,0.09148319065570831
1.431,0.09149900823831558,0.0914895236492157
1.432,0.09151166677474976,0.09150534123182297
1.433,0.09151799231767654,0.09151482582092285
1.434,0.09152431786060333,0.09152115881443024
1.435,0.09153064340353012,0.09152115881443024
1.436,0.09153064340353012,0.09152748435735703
1.437,0.09153380990028381,0.09153064340353012
1.438,0.09153380990028381,0.09153064340353012
1.439,0.0915401354432106,0.09153064340353012
1.44,0.0915369763970375,0.09153380990028381
1.441,0.0915369763970375,0.09153380990028381
1.442,0.0915369763970375,0.09153380990028381
1.443,0.0915369763970375,0.0915369763970375
1.444,0.0915369763970375,0.09153380990028381
1.445,0.09153380990028381,0.09153380990028381
1.446,0.0915401354432106,0.0915401354432106
1.447,0.0915401354432106,0.0915369763970375
1.448,0.09161606431007385,0.09160973876714706
1.449,0.0915907546877861,0.09158758819103241
1.45,0.09157177060842514,0.09156544506549835
1.451,0.09156227856874466,0.09155911952257156
1.452,0.09155595302581787,0.09155279397964478
1.453,0.09155279397964478,0.09154646098613739
1.454,0.09154646098613739,0.0915433019399643
1.455,0.0915433019399643,0.0915369763970375
1.456,0.0915401354432106,0.0915433019399643
1.457,0.09154646098613739,0.0915369763970375
1.458,0.0915433019399643,0.0915401354432106
1.459,0.0915401354432106,0.0915401354432106
1.46,0.0915401354432106,0.0915369763970375
1.461,0.0915433019399643,0.0915369763970375
1.462,0.09154646098613739,0.0915369763970375
1.463,0.0915369763970375,0.0915369763970375
1.464,0.09154646098613739,0.0915369763970375
1.465,0.0915401354432106,0.0915369763970375
1.466,0.0915401354432106,0.0915369763970375
1.467,0.0915433019399643,0.09153380990028381
1.468,0.0915369763970375,0.0915401354432106
1.469,0.0915433019399643,0.0915401354432106
1.47,0.0915401354432106,0.0915369763970375
1.471,0.0915401354432106,0.0915369763970375
1.472,0.0915401354432106,0.09153380990028381
1.473,0.09154646098613739,0.0915369763970375
1.474,0.0915401354432106,0.0915401354432106
1.475,0.09148319065570831,0.09147686511278152
1.476,0.09134399890899658,0.09134083241224289
1.477,0.09127756208181381,0.09127439558506012
1.478,0.09123643487691879,0.091230109333992
1.479,0.09120796620845795,0.09120163321495056
1.48,0.09118581563234329,0.0911826565861702
1.481,0.09116999804973602,0.09116683900356293
1.482,0.09115734696388245,0.09115734696388245
1.483,0.09114785492420197,0.09114468842744827
1.484,0.09115102142095566,0.09114152938127518
1.485,0.09114152938127518,0.09114152938127518
1.486,0.09113836288452148,0.09113520383834839
1.487,0.0911320373415947,0.0911320373415947
1.488,0.09113520383834839,0.0911320373415947
1.489,0.0911320373415947,0.091128870844841
1.49,0.091128870844841,0.091128870844841
1.491,0.091128870844841,0.091128870844841
1.492,0.09113520383834839,0.09112571179866791
1.493,0.091128870844841,0.09112254530191422
1.494,0.091128870844841,0.09112571179866791
1.495,0.09112254530191422,0.09112571179866791
1.496,0.091128870844841,0.09112254530191422
1.497,0.091128870844841,0.09112254530191422
1.498,0.091128870844841,0.09112254530191422
1.499,0.091128870844841,0.09112254530191422
1.5,0.091128870844841,0.09112254530191422
1.501,0.09112571179866791,0.09112571179866791
1.502,0.091128870844841,0.09112571179866791
1.503,0.09112571179866791,0.09112254530191422
1.504,0.091128870844841,0.09112254530191422
1.505,0.091128870844841,0.09112254530191422
1.506,0.09112571179866791,0.09112254530191422
1.507,0.09112571179866791,0.09112254530191422
1.508,0.09112571179866791,0.09112571179866791
1.509,0.09112571179866791,0.09112254530191422
1.51,0.09112571179866791,0.09112254530191422
1.511,0.09112571179866791,0.091128870844841
1.512,0.091128870844841,0.09112254530191422
1.513,0.091128870844841,0.09111938625574112
1.514,0.0911320373415947,0.09112254530191422
1.515,0.09112571179866791,0.09111938625574112
1.516,0.09112571179866791,0.09112254530191422
1.517,0.09112254530191422,0.09112571179866791
1.518,0.09112254530191422,0.09111938625574112
1.519,0.09112254530191422,0.09112571179866791
1.52,0.091128870844841,0.09111621975898743
1.521,0.09112254530191422,0.09112254530191422
1.522,0.09111938625574112,0.09111621975898743
1.523,0.0911320373415947,0.09112571179866791
1.524,0.091128870844841,0.091128870844841
1.525,0.09124276041984558,0.09123960137367249
1.526,0.09148319065570831,0.09148319065570831
1.527,0.09161606431007385,0.09161289781332016
1.528,0.09169831871986389,0.0916919857263565
1.529,0.09175526350736618,0.0917457714676857
1.53,0.09179005771875381,0.09179322421550751
1.531,0.09182169288396835,0.09181220084428787
1.532,0.09183751046657562,0.09183435142040253
1.533,0.09185332804918289,0.0918470025062561
1.534,0.09185966104269028,0.09186282008886337
1.535,0.09187547862529755,0.09186914563179016
1.536,0.09192293137311935,0.09191659837961197
1.537,0.0919007807970047,0.09190394729375839
1.538,0.0918976217508316,0.09189129620790482
1.539,0.0918976217508316,0.09189129620790482
1.54,0.09189445525407791,0.09189129620790482
1.541,0.09189445525407791,0.09188812971115112
1.542,0.09189445525407791,0.09188812971115112
1.543,0.0918976217508316,0.09188812971115112
1.544,0.09189445525407791,0.09188496321439743
1.545,0.09189445525407791,0.09189129620790482
1.546,0.09189445525407791,0.09189129620790482
1.547,0.09189445525407791,0.09188812971115112
1.548,0.0918976217508316,0.09188812971115112
1.549,0.09189445525407791,0.09188812971115112
1.55,0.09189445525407791,0.09188812971115112
1.551,0.09189445525407791,0.09189129620790482
1.552,0.09189445525407791,0.09189445525407791
1.553,0.09189445525407791,0.09188812971115112
1.554,0.09189445525407791,0.09188812971115112
1.555,0.0918976217508316,0.09189129620790482
1.556,0.09189445525407791,0.09189445525407791
1.557,0.09189445525407791,0.09189129620790482
1.558,0.09189445525407791,0.09189129620790482
1.559,0.0918976217508316,0.09189129620790482
1.56,0.0918976217508316,0.0919007807970047
1.561,0.0919007807970047,0.09189129620790482
1.562,0.09189445525407791,0.0918976217508316
1.563,0.09189445525407791,0.09189129620790482
1.564,0.0918976217508316,0.09189129620790482
1.565,0.0918976217508316,0.09189445525407791
1.566,0.0919007807970047,0.09189445525407791
1.567,0.0919007807970047,0.09189445525407791
1.568,0.0918976217508316,0.09189129620790482
1.569,0.0919007807970047,0.09189445525407791
1.57,0.0918976217508316,0.09189445525407791
1.571,0.0919007807970047,0.09189129620790482
1.572,0.09189445525407791,0.0918976217508316
1.573,0.09189445525407791,0.09189445525407791
1.574,0.0919007807970047,0.09189445525407791
1.575,0.09178056567907333,0.09177740663290024
1.576,0.09153380990028381,0.09152748435735703
1.577,0.09140094369649887,0.09140410274267197
1.578,0.09132501482963562,0.09131868928670883
1.579,0.09127439558506012,0.09126490354537964
1.58,0.091230109333992,0.091230109333992
1.581,0.09120479971170425,0.09119530767202377
1.582,0.09118581563234329,0.09118898212909698
1.583,0.09117316454648972,0.09116683900356293
1.584,0.09116050601005554,0.09116050601005554
1.585,0.09116050601005554,0.09115102142095566
1.586,0.09115102142095566,0.09114468842744827
1.587,0.09114785492420197,0.09114785492420197
1.588,0.09114785492420197,0.09114152938127518
1.589,0.09114152938127518,0.09113836288452148
1.59,0.09113520383834839,0.09113836288452148
1.591,0.09114468842744827,0.091128870844841
1.592,0.09113836288452148,0.09113520383834839
1.593,0.09113836288452148,0.0911320373415947
1.594,0.09113520383834839,0.09113520383834839
1.595,0.09113520383834839,0.091128870844841
1.596,0.09113520383834839,0.091128870844841
1.597,0.09113520383834839,0.09112571179866791
1.598,0.09113520383834839,0.091128870844841
1.599,0.0911320373415947,0.09112571179866791
1.6,0.091128870844841,0.09113520383834839
1.601,0.091128870844841,0.09113520383834839
1.602,0.091128870844841,0.091128870844841
1.603,0.09113520383834839,0.09112254530191422
1.604,0.091128870844841,0.091128870844841
1.605,0.0911320373415947,0.091128870844841
1.606,0.0911320373415947,0.091128870844841
1.607,0.09113520383834839,0.09112571179866791
1.608,0.091128870844841,0.09112571179866791
1.609,0.091128870844841,0.09112571179866791
1.61,0.091128870844841,0.09112571179866791
1.611,0.0911320373415947,0.091128870844841
1.612,0.091128870844841,0.091128870844841
1.613,0.091128870844841,0.09112571179866791
1.614,0.0911320373415947,0.09112571179866791
1.615,0.091128870844841,0.091128870844841
1.616,0.09113520383834839,0.09112571179866791
1.617,0.0911320373415947,0.091128870844841
1.618,0.09114152938127518,0.0911320373415947
1.619,0.0911320373415947,0.0911320373415947
1.62,0.0911320373415947,0.091128870844841
1.621,0.09113520383834839,0.09112254530191422
1.622,0.091128870844841,0.09112571179866791
1.623,0.09120479971170425,0.09120163321495056
1.624,0.09125541895627975,0.09125225245952606
1.625,0.09140094369649887,0.09139777719974518
1.626,0.09166668355464935,0.09166035056114197
1.627,0.09180587530136108,0.09180904179811478
1.628,0.0919007807970047,0.09189445525407791
1.629,0.09196405857801437,0.09195772558450699
1.63,0.0920051783323288,0.0920020192861557
1.631,0.09203682094812393,0.09203365445137024
1.632,0.09206212311983109,0.0920557975769043
1.633,0.09207478165626526,0.09207478165626526
1.634,0.09209059923887253,0.09208743274211884
1.635,0.0921032503247261,0.09209692478179932
1.636,0.0921032503247261,0.0921032503247261
1.637,0.09211274236440659,0.0921064168214798
1.638,0.09211906790733337,0.0921095758676529
1.639,0.09211906790733337,0.0921095758676529
1.64,0.09212855994701385,0.09211590886116028
1.641,0.09212540090084076,0.09212540090084076
1.642,0.09212540090084076,0.09212223440408707
1.643,0.09212540090084076,0.09212540090084076
1.644,0.09212855994701385,0.09212855994701385
1.645,0.09212855994701385,0.09212855994701385
1.646,0.09212855994701385,0.09212540090084076
1.647,0.09212855994701385,0.09212855994701385
1.648,0.09212855994701385,0.09212855994701385
1.649,0.09213172644376755,0.09212540090084076
1.65,0.09213488548994064,0.09212855994701385
1.651,0.09213172644376755,0.09213172644376755
1.652,0.09213805198669434,0.09212855994701385
1.653,0.09213172644376755,0.09213488548994064
1.654,0.09212855994701385,0.09213172644376755
1.655,0.09212855994701385,0.09212855994701385
1.656,0.09213488548994064,0.09213172644376755
1.657,0.09213805198669434,0.09213172644376755
1.658,0.09213488548994064,0.09213488548994064
1.659,0.09213172644376755,0.09213488548994064
1.66,0.09213488548994064,0.09212540090084076
1.661,0.09213805198669434,0.09213172644376755
1.662,0.09213488548994064,0.09213488548994064
1.663,0.09213805198669434,0.09212855994701385
1.664,0.09213805198669434,0.09213172644376755
1.665,0.09206845611333847,0.09205896407365799
1.666,0.09201151132583618,0.09200834482908249
1.667,0.09198303520679474,0.09197670966386795
1.668,0.09196405857801437,0.09196089208126068
1.669,0.0919514000415802,0.09194507449865341
1.67,0.09193874895572662,0.09193874895572662
1.671,0.09193241596221924,0.09192925691604614
1.672,0.09192609041929245,0.09192293137311935
1.673,0.09192293137311935,0.09191976487636566
1.674,0.09191976487636566,0.09191659837961197
1.675,0.09180587530136108,0.0917963832616806
1.676,0.09155279397964478,0.09154646098613739
1.677,0.09142624586820602,0.09141359478235245
1.678,0.0913376659154892,0.0913376659154892
1.679,0.09128072112798691,0.09128072112798691
1.68,0.09124276041984558,0.09124276041984558
1.681,0.09121745079755783,0.09121745079755783
1.682,0.09119530767202377,0.09118898212909698
1.683,0.0911826565861702,0.09117632359266281
1.684,0.09117316454648972,0.09116683900356293
1.685,0.09116367250680923,0.09116050601005554
1.686,0.09115418046712875,0.09115102142095566
1.687,0.09115418046712875,0.09114785492420197
1.688,0.09115102142095566,0.09114785492420197
1.689,0.09114468842744827,0.09114152938127518
1.69,0.09114152938127518,0.09113836288452148
1.691,0.09114468842744827,0.09114152938127518
1.692,0.09114152938127518,0.09113520383834839
1.693,0.09113520383834839,0.09113520383834839
1.694,0.09113836288452148,0.09113520383834839
1.695,0.09113520383834839,0.09113520383834839
1.696,0.09114152938127518,0.0911320373415947
1.697,0.09113836288452148,0.09113520383834839
1.698,0.09113836288452148,0.0911320373415947
1.699,0.0911320373415947,0.0911320373415947
1.7,0.09113836288452148,0.09113520383834839
1.701,0.09113836288452148,0.09113520383834839
1.702,0.09113520383834839,0.09113520383834839
1.703,0.09113836288452148,0.0911320373415947
1.704,0.0911320373415947,0.091128870844841
1.705,0.0911320373415947,0.0911320373415947
1.706,0.0911320373415947,0.09113836288452148
1.707,0.09120796620845795,0.09120796620845795
1.708,0.09118581563234329,0.0911826565861702
1.709,0.09115734696388245,0.09116367250680923
1.71,0.09115734696388245,0.09115102142095566
1.711,0.09114152938127518,0.09114785492420197
1.712,0.09114152938127518,0.09113836288452148
1.713,0.09115102142095566,0.09114785492420197
1.714,0.09114468842744827,0.09114152938127518
1.715,0.09113836288452148,0.09113520383834839
1.716,0.09114152938127518,0.09113520383834839
1.717,0.09113520383834839,0.091128870844841
1.718,0.09113520383834839,0.091128870844841
1.719,0.0911320373415947,0.091128870844841
1.72,0.0911320373415947,0.091128870844841
1.721,0.0911320373415947,0.091128870844841
1.722,0.09113836288452148,0.0911320373415947
1.723,0.0911320373415947,0.091128870844841
1.724,0.0911320373415947,0.091128870844841
1.725,0.09124276041984558,0.09124592691659927
1.726,0.0914895236492157,0.09149584919214249
1.727,0.09162555634975433,0.09161922335624695
1.728,0.09170147776603699,0.09170780330896378
1.729,0.09176158905029297,0.09175842255353928
1.73,0.0917995497584343,0.0917995497584343
1.731,0.09183118492364883,0.09182485938072205
1.732,0.0918470025062561,0.0918470025062561
1.733,0.09186598658561707,0.09185966104269028
1.734,0.09186914563179016,0.09186598658561707
1.735,0.09188180416822433,0.09187863767147064
1.736,0.09188812971115112,0.09188180416822433
1.737,0.09189445525407791,0.09188812971115112
1.738,0.0918976217508316,0.09189445525407791
1.739,0.0918976217508316,0.09189445525407791
1.74,0.0918976217508316,0.0918976217508316
1.741,0.09190394729375839,0.0919007807970047
1.742,0.09190711379051208,0.0918976217508316
1.743,0.09190394729375839,0.09190394729375839
1.744,0.09190711379051208,0.0919007807970047
1.745,0.09190711379051208,0.09190394729375839
1.746,0.09190711379051208,0.09190394729375839
1.747,0.09191027283668518,0.09190394729375839
1.748,0.09191027283668518,0.09190394729375839
1.749,0.09191027283668518,0.09191027283668518
1.75,0.09191343933343887,0.09190394729375839
1.751,0.09191343933343887,0.09190711379051208
1.752,0.09191027283668518,0.09190711379051208
1.753,0.09190711379051208,0.09190711379051208
1.754,0.09190711379051208,0.09190711379051208
1.755,0.09191027283668518,0.09190711379051208
1.756,0.09191027283668518,0.09190711379051208
1.757,0.09190711379051208,0.09190711379051208
1.758,0.09191659837961197,0.09190711379051208
1.759,0.09191027283668518,0.09190711379051208
1.76,0.09191343933343887,0.09190711379051208
1.761,0.09191659837961197,0.09191027283668518
1.762,0.09191343933343887,0.09191027283668518
1.763,0.09191343933343887,0.09190394729375839
1.764,0.09191027283668518,0.09190711379051208
1.765,0.09191027283668518,0.09190711379051208
1.766,0.09191343933343887,0.09190711379051208
1.767,0.09191343933343887,0.09190711379051208
1.768,0.09191343933343887,0.09190711379051208
1.769,0.09191343933343887,0.09190711379051208
1.77,0.09191343933343887,0.09190711379051208
1.771,0.09191343933343887,0.09191027283668518
1.772,0.09191343933343887,0.09190711379051208
1.773,0.09191343933343887,0.09190711379051208
1.774,0.09191659837961197,0.09191027283668518
1.775,0.09180271625518799,0.09179005771875381
1.776,0.0915433019399643,0.0915433019399643
1.777,0.09141676127910614,0.09141359478235245
1.778,0.0913376659154892,0.09133134037256241
1.779,0.0912838876247406,0.09127756208181381
1.78,0.09124276041984558,0.09123960137367249
1.781,0.09121745079755783,0.09121112525463104
1.782,0.09119847416877747,0.09119214117527008
1.783,0.09118581563234329,0.09117632359266281
1.784,0.09117316454648972,0.09116683900356293
1.785,0.09116367250680923,0.09116367250680923
1.786,0.09115734696388245,0.09115418046712875
1.787,0.09115102142095566,0.09114785492420197
1.788,0.09114785492420197,0.09114468842744827
1.789,0.09114785492420197,0.09114152938127518
1.79,0.09114152938127518,0.09114152938127518
1.791,0.09114152938127518,0.09113836288452148
1.792,0.0911826565861702,0.0911826565861702
1.793,0.09116367250680923,0.09115734696388245
1.794,0.09115102142095566,0.09115102142095566
1.795,0.09114152938127518,0.09114468842744827
1.796,0.09113836288452148,0.09113836288452148
1.797,0.09113520383834839,0.09113836288452148
1.798,0.0911320373415947,0.091128870844841
1.799,0.0911320373415947,0.09112571179866791
1.8,0.09113520383834839,0.091128870844841
1.801,0.091128870844841,0.091128870844841
1.802,0.09113520383834839,0.091128870844841
1.803,0.091128870844841,0.09112571179866791
1.804,0.091128870844841,0.091128870844841
1.805,0.091128870844841,0.091128870844841
1.806,0.091128870844841,0.09112254530191422
1.807,0.091128870844841,0.09112254530191422
1.808,0.09113520383834839,0.09113520383834839
1.809,0.091128870844841,0.0911320373415947
1.81,0.09112571179866791,0.09112571179866791
1.811,0.091128870844841,0.09112571179866791
1.812,0.091128870844841,0.09112571179866791
1.813,0.091128870844841,0.09112254530191422
1.814,0.091128870844841,0.09112571179866791
1.815,0.09112254530191422,0.09112254530191422
1.816,0.09112254530191422,0.09112254530191422
1.817,0.09112571179866791,0.09111938625574112
1.818,0.09112571179866791,0.09112254530191422
1.819,0.09112254530191422,0.09112254530191422
1.82,0.09112254530191422,0.09112254530191422
1.821,0.091128870844841,0.09111938625574112
1.822,0.09112254530191422,0.09112254530191422
1.823,0.09112571179866791,0.09112254530191422
1.824,0.09112571179866791,0.09112254530191422
1.825,0.09123960137367249,0.09123960137367249
1.826,0.091486357152462,0.09148319065570831
1.827,0.09161289781332016,0.09161289781332016
1.828,0.0916919857263565,0.0916951522231102
1.829,0.09175209701061249,0.0917489305138588
1.83,0.09179322421550751,0.09179005771875381
1.831,0.09181853383779526,0.09181220084428787
1.832,0.09183751046657562,0.09183435142040253
1.833,0.09185649454593658,0.0918501690030098
1.834,0.09186282008886337,0.09186598658561707
1.835,0.09188180416822433,0.09187547862529755
1.836,0.09188496321439743,0.09188180416822433
1.837,0.09188812971115112,0.09188812971115112
1.838,0.09189445525407791,0.09189129620790482
1.839,0.0919007807970047,0.09189445525407791
1.84,0.09190394729375839,0.09189445525407791
1.841,0.09190394729375839,0.0919007807970047
1.842,0.09190711379051208,0.0918976217508316
1.843,0.09190394729375839,0.0919007807970047
1.844,0.09190711379051208,0.0918976217508316
1.845,0.09191343933343887,0.09190394729375839
1.846,0.09191027283668518,0.0919007807970047
1.847,0.09190711379051208,0.09190711379051208
1.848,0.09191343933343887,0.0919007807970047
1.849,0.09191027283668518,0.0919007807970047
1.85,0.09191027283668518,0.09190711379051208
1.851,0.09191027283668518,0.09190711379051208
1.852,0.09191343933343887,0.09190394729375839
1.853,0.09191343933343887,0.09190394729375839
1.854,0.09191027283668518,0.09190394729375839
1.855,0.09191027283668518,0.09190394729375839
1.856,0.09191343933343887,0.09190711379051208
1.857,0.09191027283668518,0.09191027283668518
1.858,0.09191027283668518,0.09191027283668518
1.859,0.09190711379051208,0.09190711379051208
1.86,0.09191343933343887,0.09191027283668518
1.861,0.09191027283668518,0.09191027283668518
1.862,0.09191659837961197,0.09190394729375839
1.863,0.09191027283668518,0.09190711379051208
1.864,0.09191027283668518,0.09191027283668518
1.865,0.09191343933343887,0.09191027283668518
1.866,0.09191027283668518,0.09190711379051208
1.867,0.09191027283668518,0.09190711379051208
1.868,0.09190711379051208,0.09190711379051208
1.869,0.09191027283668518,0.09191027283668518
1.87,0.09191027283668518,0.09190711379051208
1.871,0.09191343933343887,0.09190711379051208
1.872,0.09191343933343887,0.09191343933343887
1.873,0.09191659837961197,0.09191027283668518
1.874,0.09191343933343887,0.09191343933343887
1.875,0.09187547862529755,0.09186598658561707
1.876,0.09167300909757614,0.09166984260082245
1.877,0.09157177060842514,0.09156544506549835
1.878,0.09150850027799606,0.09150850027799606
1.879,0.09147053956985474,0.09146737307310104
1.88,0.09144522994756699,0.0914389044046402
1.881,0.09141992032527924,0.09141359478235245
1.882,0.09140410274267197,0.09140410274267197
1.883,0.09139461070299149,0.09139145165681839
1.884,0.0913882851600647,0.09138195961713791
1.885,0.09138195961713791,0.09137563407421112
1.886,0.09137879312038422,0.09136930108070374
1.887,0.09136930108070374,0.09136614203453064
1.888,0.09137246757745743,0.09136930108070374
1.889,0.09136930108070374,0.09136930108070374
1.89,0.09136614203453064,0.09136297553777695
1.891,0.09136297553777695,0.09136297553777695
1.892,0.09136930108070374,0.09136297553777695
1.893,0.09136614203453064,0.09135981649160385
1.894,0.09136297553777695,0.09135981649160385
1.895,0.09136297553777695,0.09135981649160385
1.896,0.09136614203453064,0.09135981649160385
1.897,0.09135981649160385,0.09135664999485016
1.898,0.09136297553777695,0.09135348349809647
1.899,0.09135981649160385,0.09135664999485016
1.9,0.09136297553777695,0.09135981649160385
1.901,0.09136297553777695,0.09135664999485016
1.902,0.09135981649160385,0.09135981649160385
1.903,0.09136614203453064,0.09136930108070374
1.904,0.09136297553777695,0.09136297553777695
1.905,0.09136297553777695,0.09135664999485016
1.906,0.09135664999485016,0.09135981649160385
1.907,0.09135981649160385,0.09135981649160385
1.908,0.09136297553777695,0.09135981649160385
1.909,0.09136297553777695,0.09135981649160385
1.91,0.09135981649160385,0.09135981649160385
1.911,0.09136297553777695,0.09135664999485016
1.912,0.09136297553777695,0.09135981649160385
1.913,0.09135981649160385,0.09135981649160385
1.914,0.09136297553777695,0.09135664999485016
1.915,0.09135981649160385,0.09135664999485016
1.916,0.09135664999485016,0.09135348349809647
1.917,0.0912870541214943,0.09128072112798691
1.918,0.09123643487691879,0.091230109333992
1.919,0.09120163321495056,0.09120163321495056
1.92,0.09118581563234329,0.0911794900894165
1.921,0.09116367250680923,0.09116683900356293
1.922,0.09116367250680923,0.09115418046712875
1.923,0.09115418046712875,0.09115418046712875
1.924,0.09114785492420197,0.09115102142095566
1.925,0.09126174449920654,0.09125541895627975
1.926,0.09150534123182297,0.09149900823831558
1.927,0.09163188189268112,0.09163188189268112
1.928,0.09171729534864426,0.09170780330896378
1.929,0.09176474809646606,0.09176474809646606
1.93,0.0917995497584343,0.09180587530136108
1.931,0.09182801842689514,0.09182485938072205
1.932,0.09185649454593658,0.09184384346008301
1.933,0.09186914563179016,0.09186282008886337
1.934,0.09187863767147064,0.09187231212854385
1.935,0.09188496321439743,0.09187863767147064
1.936,0.09189129620790482,0.09189129620790482
1.937,0.09189445525407791,0.09189129620790482
1.938,0.0919007807970047,0.0918976217508316
1.939,0.0919007807970047,0.0918976217508316
1.94,0.0919007807970047,0.0919007807970047
1.941,0.09190394729375839,0.09190394729375839
1.942,0.09190711379051208,0.0919007807970047
1.943,0.09191027283668518,0.0918976217508316
1.944,0.09190711379051208,0.09190711379051208
1.945,0.09191027283668518,0.09190394729375839
1.946,0.09190711379051208,0.09190394729375839
1.947,0.09191027283668518,0.09190711379051208
1.948,0.09191343933343887,0.09190711379051208
1.949,0.09191659837961197,0.09190711379051208
1.95,0.09191343933343887,0.09190711379051208
1.951,0.09191659837961197,0.09190394729375839
1.952,0.09191343933343887,0.09191027283668518
1.953,0.09191343933343887,0.09191027283668518
1.954,0.09191343933343887,0.09191027283668518
1.955,0.09191027283668518,0.09190711379051208
1.956,0.09191343933343887,0.09191343933343887
1.957,0.09191343933343887,0.09191027283668518
1.958,0.09191343933343887,0.09191027283668518
1.959,0.09198936074972153,0.09199252724647522
1.96,0.09196405857801437,0.09196089208126068
1.961,0.09194507449865341,0.09194507449865341
1.962,0.09193241596221924,0.09192609041929245
1.963,0.09193241596221924,0.09191976487636566
1.964,0.09192293137311935,0.09191659837961197
1.965,0.09192293137311935,0.09191659837961197
1.966,0.09191976487636566,0.09191976487636566
1.967,0.09191976487636566,0.09191659837961197
1.968,0.09191343933343887,0.09191343933343887
1.969,0.09191976487636566,0.09191659837961197
1.97,0.09191343933343887,0.09191027283668518
1.971,0.09191659837961197,0.09191343933343887
1.972,0.09191976487636566,0.09191027283668518
1.973,0.09192293137311935,0.09191659837961197
1.974,0.09192293137311935,0.09191343933343887
1.975,0.0917995497584343,0.0917963832616806
1.976,0.09154962748289108,0.09154962748289108
1.977,0.09141676127910614,0.09141992032527924
1.978,0.09134399890899658,0.0913376659154892
1.979,0.0912870541214943,0.0912838876247406
1.98,0.09125225245952606,0.09124592691659927
1.981,0.09122378379106522,0.09121745079755783
1.982,0.09120163321495056,0.09120163321495056
1.983,0.0911794900894165,0.0911826565861702
1.984,0.0911794900894165,0.09117316454648972
1.985,0.09116683900356293,0.09116367250680923
1.986,0.09116050601005554,0.09115418046712875
1.987,0.09115734696388245,0.09115418046712875
1.988,0.09115418046712875,0.09115102142095566
1.989,0.09114785492420197,0.09114785492420197
1.99,0.09114785492420197,0.09114468842744827
1.991,0.09114785492420197,0.09114152938127518
1.992,0.09114785492420197,0.09114468842744827
1.993,0.09114152938127518,0.09114468842744827
1.994,0.09114152938127518,0.09113836288452148
1.995,0.09114152938127518,0.09114785492420197
1.996,0.09114152938127518,0.09114152938127518
1.997,0.09114152938127518,0.09113836288452148
1.998,0.09114785492420197,0.09114152938127518
1.999,0.09114785492420197,0.09114152938127518
